# x0,tempo, beats, chroma_stft, rmse,spectral_centroid, spectral_bandwidth, rolloff,zero_crossing_rate, mfcc1, mfcc2, mfcc3, mfcc4, mfcc5, mfcc6, mfcc7, mfcc8, mfcc9, mfcc10, mfcc11, mfcc12, mfcc13, mfcc14, mfcc15, mfcc16, mfcc17, mfcc18, mfcc19, mfcc20, y0, y1,y2,y3
1.000000000000000000e+00,5.010105588309645558e-02,1.944723796975194804e-02,9.704176444213487242e-05,1.460826643762996262e-05,4.215902976811755076e-01,4.413772813425138053e-01,7.833810986247257135e-01,2.499658913322439508e-05,-9.098781089156349200e-02,4.824616482064994494e-02,-1.205441166410911938e-02,7.972623469057440321e-03,-8.369835301019203869e-04,-7.177004272236771603e-04,-4.381584198679605753e-03,-2.150991917967571415e-03,-3.096419897793667528e-03,-1.028651299203186533e-03,-3.800969045971903763e-03,-1.381308166253732714e-03,-5.528588099381685468e-04,-5.012399835194937146e-04,-1.054090947157448974e-03,-5.829074557685242882e-04,-7.379734388207550731e-04,-1.161665610754532979e-03,-9.870899438077283903e-04,-1.088896507115109024e-03,0.000000000000000000e+00,1.000000000000000000e+00,0.000000000000000000e+00,0.000000000000000000e+00
1.000000000000000000e+00,2.230194242577157593e-02,1.044331018262585620e-02,7.863230534722234885e-05,1.664025156920066520e-05,3.720588522807211085e-01,4.197879081801862977e-01,8.265197103142389867e-01,1.709540810037675601e-05,-3.177660769872049651e-02,2.135844372555095044e-02,-8.703971043122623544e-04,7.043343148364762836e-03,-1.635738200308969144e-03,5.284232309936069683e-03,-2.794446660842437972e-03,3.517308800698750598e-03,-3.131405969250028627e-03,2.612860969738803416e-03,-2.531463177451614022e-03,1.940009263528270304e-03,-2.198009141942547026e-03,1.281028009578475627e-03,-1.747138375455473428e-03,9.306115682260578115e-04,-1.846860357806225485e-03,2.887506099854146623e-04,-1.058757351763882793e-03,-3.909814976417496832e-04,0.000000000000000000e+00,0.000000000000000000e+00,0.000000000000000000e+00,1.000000000000000000e+00
1.000000000000000000e+00,1.618926985662698381e-02,7.017063421454405696e-03,6.885199644894364360e-05,2.263489385439473753e-05,3.891026679287525880e-01,4.632779296038054273e-01,7.936188088269335861e-01,1.484847027566989133e-05,-5.129685431287736574e-02,3.055664600644004275e-02,-4.446361792379828655e-03,1.161298712936240096e-02,-4.507613021747878396e-04,4.269023454971349052e-03,-3.685980913421849168e-03,3.677139229296893380e-03,-4.859494795037560752e-03,2.734978871996892984e-03,-3.377322328542173378e-03,3.011063122704785589e-04,-1.556266619172517020e-03,-4.215748031525938825e-04,-2.179282675021332934e-03,-6.299517718405741066e-04,-2.840495363135359195e-03,4.232057964376626847e-05,-1.826235000613933438e-03,-1.880683150446792141e-03,0.000000000000000000e+00,0.000000000000000000e+00,1.000000000000000000e+00,0.000000000000000000e+00
1.000000000000000000e+00,6.411075805062288469e-02,3.205557285980289994e-02,1.134696085920557188e-04,1.339708452529274105e-05,4.251297190886090260e-01,5.524475320996198313e-01,6.866804300249342852e-01,2.519634600946904279e-05,-1.726382119855286446e-01,8.560753715415350684e-02,-2.604494097986821081e-03,1.272865979052152825e-02,-2.271119404861029513e-03,2.174938450438639037e-03,-4.962651766544733285e-03,7.730443437799694104e-05,-5.248794972340734173e-03,1.689367557789837318e-03,-4.870152872227540182e-03,-5.100306163183565599e-04,-2.168091536268108507e-03,-2.283505510752976660e-04,3.952323974263772079e-04,1.168710433412605796e-04,1.004660575486872234e-03,3.320794475141312647e-04,4.851675988779192593e-04,-1.443426981889000486e-03,0.000000000000000000e+00,1.000000000000000000e+00,0.000000000000000000e+00,0.000000000000000000e+00
1.000000000000000000e+00,1.881180442976203987e-02,8.867227688035135905e-03,6.186878690047199975e-05,1.775832861025023566e-05,3.920781503404829893e-01,4.082309996221838433e-01,8.238623925926226166e-01,1.846218581028291833e-05,-1.500225868609652256e-02,1.412711625306527219e-02,4.072720658655121272e-04,2.956909967746198034e-03,5.483379147492726180e-04,-2.697288617542963431e-04,-2.609357328592468205e-04,-4.848964123673340869e-04,-1.390047578821042686e-03,-6.233425195254960107e-04,-7.924237203402696370e-04,-8.386782203150459740e-04,-6.472592366544959851e-04,-5.765089969873458606e-04,-2.622276204899279609e-04,-8.536240308871936118e-04,-7.164277169386584548e-04,-4.137191855411480389e-04,-2.813624602783923933e-04,-4.726469729726032166e-04,0.000000000000000000e+00,0.000000000000000000e+00,0.000000000000000000e+00,1.000000000000000000e+00
1.000000000000000000e+00,3.158286833357063644e-02,1.559596891666039341e-02,7.277995692926633872e-05,4.737687417780175582e-05,3.832233108438259372e-01,4.546520127838807879e-01,8.014330065491398480e-01,1.660295828525069325e-05,-3.754206140673045644e-02,3.463461154118035318e-02,-5.443851644779328439e-03,1.329350174686600751e-02,-5.796367212164739305e-04,4.563850860703714402e-03,-2.242247263913065610e-03,2.637159810181121007e-03,-5.414743139691499327e-03,6.706303676387299732e-04,-3.023254083007047809e-03,1.013385786887321472e-03,-1.724827951869068333e-03,-9.011590460830679267e-04,-7.811710159678004247e-04,5.315940581208779356e-04,-1.124385663918543721e-03,3.738109520084514827e-04,6.539756849253239215e-04,-9.733810840112495054e-04,0.000000000000000000e+00,0.000000000000000000e+00,1.000000000000000000e+00,0.000000000000000000e+00
1.000000000000000000e+00,1.942276420362311004e-02,8.794416227164314481e-03,8.138893909275753721e-05,3.393268764161331446e-05,3.980850284442313813e-01,4.063805348507887327e-01,8.215156526942087867e-01,1.790137024640899843e-05,-2.285516666158019308e-02,1.924814582684911124e-02,-3.714043473855157575e-03,8.760759800821034393e-03,7.458414264718468949e-04,5.563876489375549350e-03,-2.111446073013457914e-04,2.871947162156724374e-03,-1.510246165534552456e-03,1.905236656821315908e-03,-1.974597430670902397e-03,1.240239285604950682e-03,-7.661590058207571599e-04,1.541601665833342537e-03,-6.261319820640892696e-04,2.373976193480911413e-05,-1.531176327146666072e-03,-3.405496188305974915e-04,-4.738372816251289351e-04,-1.420842237735411503e-04,0.000000000000000000e+00,0.000000000000000000e+00,0.000000000000000000e+00,1.000000000000000000e+00
1.000000000000000000e+00,1.590614715459840248e-02,7.885409332260591778e-03,7.344812660947266740e-05,1.154116400907241785e-05,3.881362231039824917e-01,3.549515977287973634e-01,8.499547298790460781e-01,2.051041161042278351e-05,-2.155447023000817836e-02,8.755471814442869830e-03,1.445395025292042909e-03,4.838275792269424065e-03,-1.414429986763899357e-03,3.541469260888874520e-03,-2.448293211561954844e-03,3.528571781614434945e-03,-2.048151088255816508e-03,2.656472522089304948e-03,-1.114516027720142011e-03,1.833913820303277077e-03,-7.819219080510830941e-04,1.552392876232218605e-03,-7.849045455296834979e-04,9.410113559505949065e-04,-5.472172710780263613e-04,6.637376636847901407e-04,-5.849492283959361423e-04,4.474909792773221965e-04,0.000000000000000000e+00,0.000000000000000000e+00,0.000000000000000000e+00,1.000000000000000000e+00
1.000000000000000000e+00,2.352691291089019712e-02,1.161784922724073792e-02,8.404024423584879151e-05,2.485995610168275334e-05,3.891749374791304006e-01,4.979229252902102609e-01,7.723952732732064508e-01,1.579472696263946067e-05,-4.466838764648833893e-02,3.506643342475617570e-02,-3.559458837342034405e-03,8.235060967263205939e-03,1.673302993902798163e-03,-9.934537056081492110e-04,-5.421276503904098182e-04,-9.546917910952442419e-04,-1.203629511867967614e-03,3.392801833652070421e-04,-1.843625838393909413e-03,-1.915367029567328688e-03,-3.672594680364949112e-04,-2.511735723907919035e-03,-1.430174087467038372e-03,-5.018433713682488419e-04,-1.892111359825385556e-03,-3.772582643168729123e-04,4.211617081776155501e-05,-1.085352326041394335e-03,0.000000000000000000e+00,0.000000000000000000e+00,1.000000000000000000e+00,0.000000000000000000e+00
1.000000000000000000e+00,2.579430652788915895e-02,1.054139024871268877e-02,6.080296337787290307e-05,4.019502312197339337e-06,4.195644418270777498e-01,4.623383707108178475e-01,7.751907838437971376e-01,2.282161333860061164e-05,-8.796482905690672371e-02,2.703470407280728072e-02,-4.493373049692429150e-03,2.436118088648538300e-03,-3.857788314954067941e-04,9.121949066053389394e-04,2.202550026462635636e-04,1.213479793345799591e-03,-1.285437588045196255e-03,-2.280569073348402524e-03,-2.034555832377479400e-03,-4.276338299289434569e-04,3.111606636963438100e-04,-9.267668229853215844e-04,-6.319594024058008182e-04,-2.523920922766737071e-04,-3.046278631788863008e-04,-5.997900801931677550e-04,-6.163053448577790949e-04,-9.732176251962212530e-04,0.000000000000000000e+00,1.000000000000000000e+00,0.000000000000000000e+00,0.000000000000000000e+00
1.000000000000000000e+00,2.646902635062152107e-02,1.327556717536478546e-02,7.023433421051133562e-05,4.071786583473115183e-05,3.977459244693812290e-01,3.982958389876418148e-01,8.256308022006366709e-01,1.996068461360645202e-05,-7.768662717881562318e-03,1.959520936594885687e-02,-4.464752766013868439e-03,8.235508034728946172e-03,-2.273514966353963780e-03,3.782284221381917045e-03,-2.957087388549841343e-03,3.408281208568113719e-03,-3.462041743984354929e-03,2.858921936707679249e-03,-2.850489861646160993e-03,1.646559228181442404e-03,-1.839557003579276760e-03,1.276842126046513976e-03,-1.621181347447898762e-03,8.427134598997596936e-04,-1.666142335937366263e-03,1.955297568469499439e-04,-1.188426632845991562e-03,-1.829268987654810146e-04,0.000000000000000000e+00,0.000000000000000000e+00,1.000000000000000000e+00,0.000000000000000000e+00
1.000000000000000000e+00,1.655020504990439845e-02,7.954906721129558281e-03,5.408705739821912479e-05,2.901421967649813307e-05,3.706198202191533508e-01,3.729155912080810986e-01,8.502368950076337750e-01,1.781252761523094273e-05,-8.250189925054782561e-03,1.293955587245142203e-02,-2.354708932160029728e-04,6.070299161516168850e-03,-8.272564243186096089e-04,4.092690769272687608e-03,-3.535563519507537063e-03,3.206398593346137041e-03,-2.714681771246039294e-03,1.815512552670098517e-03,-2.020755053222926881e-03,1.745520168264658688e-03,-5.859456404586305079e-04,1.045641460260328046e-03,-6.578130244464536897e-04,7.542920874698152934e-04,-9.794716393431506744e-04,8.647274404089914240e-04,-5.445334679810601933e-04,-2.896146867855914461e-04,1.000000000000000000e+00,0.000000000000000000e+00,0.000000000000000000e+00,0.000000000000000000e+00
1.000000000000000000e+00,4.006554593292235844e-02,1.924212196629736249e-02,8.937714825207349479e-05,2.607163461297440230e-05,3.804313239702377669e-01,4.402939959111845103e-01,8.090538489991028204e-01,1.771167453527137901e-05,-5.937900991429360259e-02,3.101036428464326242e-02,-3.833599197877223322e-03,1.708182717152164840e-02,3.407560313485470671e-03,5.016121732496750009e-03,2.816347606248574206e-03,2.605504921938192261e-03,-6.288451762104614248e-04,3.080943567564424761e-03,4.067096266787905649e-04,8.039925283956780248e-04,-2.011238173686395823e-03,-2.361196441171270390e-03,-1.147303358915854410e-03,-1.636340514166987242e-05,-6.732684175233844426e-04,-9.061139891637327512e-04,-1.019193264963340817e-03,3.470211356664063690e-04,1.000000000000000000e+00,0.000000000000000000e+00,0.000000000000000000e+00,0.000000000000000000e+00
1.000000000000000000e+00,2.639366261398898988e-02,1.308455350412863864e-02,7.506312270594229976e-05,2.793329740797535451e-05,3.827597509183696123e-01,4.295702226614437347e-01,8.164944390224800896e-01,1.781781375694662563e-05,-2.436660083496546003e-02,2.607414789156741949e-02,-4.109584675692413806e-03,9.084332816134736699e-03,-1.367755639559710542e-03,3.993764956298654321e-03,-2.938213894175092326e-03,3.291436637112287854e-03,-2.635200278364080786e-03,2.355324912804724821e-03,-1.785574670813647527e-03,1.889896085218002210e-03,-7.866535309399415397e-04,1.233742634634000211e-03,-1.107416842284779639e-03,1.610787043813393261e-04,-3.629220252529109878e-04,-8.793542676583141838e-05,-4.933966535233920902e-04,2.616756541728957079e-04,1.000000000000000000e+00,0.000000000000000000e+00,0.000000000000000000e+00,0.000000000000000000e+00
1.000000000000000000e+00,2.270950212556525558e-02,1.082750611396262642e-02,8.604366488255006098e-05,2.842329546851155402e-05,4.094077597020541748e-01,4.145188101090827026e-01,8.118308652369521372e-01,2.004299735444013328e-05,-1.838303256995840046e-02,2.114373532791823801e-02,-5.831859143105776362e-03,3.162936605652131184e-03,3.874860306735433864e-03,2.313168714599543162e-03,6.754546824942175278e-04,1.194438107643205254e-03,1.006378960826616884e-03,1.667431834725058857e-03,6.569016282081100886e-05,7.413796446898948027e-05,1.034423134395644000e-04,-3.491541671367395187e-04,1.890283789185369487e-04,-1.209216616773061739e-05,-7.094715819402767128e-04,-4.127382813197305904e-04,-7.051324361084049469e-04,-8.514038333749382112e-04,0.000000000000000000e+00,0.000000000000000000e+00,0.000000000000000000e+00,1.000000000000000000e+00
1.000000000000000000e+00,3.005927067639777017e-02,1.442481463872367052e-02,6.289459295777241252e-05,2.248151840901533468e-05,4.046802186113218069e-01,4.437730129001914436e-01,7.970010881780340561e-01,1.918496132044405321e-05,-4.652459589727851036e-02,2.538456346467815247e-02,-1.289520746512275986e-03,1.120332668214055714e-02,2.823525003232606146e-04,1.068733321385884581e-03,-2.130610149587382207e-03,-3.410077280054726336e-04,-2.712905842885578005e-03,-1.210222366502230421e-03,-2.688094346408824616e-03,1.158928086061398934e-03,-1.157943793876942302e-03,-1.406631139764573813e-03,-1.615322250213858132e-04,-1.986072279842338289e-03,-1.966848630010071663e-03,-1.844080336783539753e-03,-1.768991476052674851e-03,-9.028777322655103627e-05,0.000000000000000000e+00,0.000000000000000000e+00,1.000000000000000000e+00,0.000000000000000000e+00
1.000000000000000000e+00,8.263428004124641346e-02,3.568901477046702159e-02,1.252724661797960219e-04,1.084932652036711943e-05,4.545177970373164289e-01,5.169118147127134133e-01,6.668384930302169167e-01,2.999736967125657552e-05,-2.518707798319367308e-01,9.844821781253566828e-02,4.247566833540501741e-03,-1.801162103212125727e-03,4.553537308058764558e-04,-6.412740682901548785e-03,-7.209854541889377903e-03,-3.968901865635979069e-03,-3.362310350472216217e-03,-4.862145426861478464e-03,-4.876118176012696204e-03,-4.795150378862000559e-03,-4.244446514964812789e-03,-3.875913817164448015e-03,-3.503470982871719191e-03,-4.062514642613842056e-03,-3.827818414594148701e-03,-2.470939260260793073e-03,-2.536039754411305476e-03,-2.830580079976688541e-03,0.000000000000000000e+00,1.000000000000000000e+00,0.000000000000000000e+00,0.000000000000000000e+00
1.000000000000000000e+00,1.871237566305207489e-02,9.037610696654846398e-03,7.041919097640521319e-05,1.357271625084520754e-05,3.895865974134924414e-01,4.590017635132827012e-01,7.972473791477232563e-01,1.600464591768114203e-05,-3.265210746359396149e-02,1.977958493820560285e-02,2.179958535782171845e-04,4.541369268843053683e-03,4.166266880412271799e-03,4.787904453517272184e-04,-2.970151619769479420e-04,3.370338393454795774e-05,-1.002212019113311566e-03,7.176894468253776751e-04,-8.522632474441783424e-04,-8.629849404918644171e-04,-2.937415213272875241e-04,-4.245641870170197051e-04,-7.263325840315490315e-04,-1.215902500014833182e-03,-1.405101779698059118e-03,-1.040695126484443046e-03,-4.122029960901637700e-04,-4.619729792072921836e-04,0.000000000000000000e+00,0.000000000000000000e+00,1.000000000000000000e+00,0.000000000000000000e+00
1.000000000000000000e+00,4.037458526034374412e-02,1.992179082233741863e-02,6.733222708359980668e-05,4.026081490969341312e-05,3.535650293532174859e-01,5.242468228741445913e-01,7.703554981392880530e-01,1.141312444658024721e-05,-5.891605322664970196e-02,2.944256618558200450e-02,4.946177864931842680e-03,8.213886211830027581e-03,8.742557413646621488e-04,5.999765190819534438e-03,-5.423588702104103175e-03,3.219625669794069864e-03,-6.998646300674049754e-03,-1.157129360965081840e-03,-7.014243207564199202e-03,-3.463130655053360540e-03,-3.360733781535449067e-03,-4.839415543014724454e-04,-1.928455022175749227e-03,-1.769121902271680565e-03,-3.900073985627318471e-03,-3.112916230930154633e-03,-2.928560682019197819e-03,-3.555975926661797057e-03,1.000000000000000000e+00,0.000000000000000000e+00,0.000000000000000000e+00,0.000000000000000000e+00
1.000000000000000000e+00,2.035151307519317970e-02,1.017581806900422735e-02,4.917811385282173800e-05,1.217859160353092352e-05,3.829717017594060913e-01,3.909506989292970691e-01,8.364282194232097734e-01,1.622212816446841956e-05,-1.580115993599104374e-02,9.928960133473829774e-03,1.110698461278675003e-03,2.072200489306051576e-03,8.256240202802767611e-04,1.131412286109934181e-03,5.516155139962655631e-04,7.674045474860816032e-04,-2.625257222523650095e-04,4.233218528119968510e-04,6.759056140125340416e-04,-1.502505277002214577e-04,3.268915854100524088e-04,-1.905376145664100052e-04,-6.350327280564016259e-04,-8.537355613308779357e-04,-7.703768615304568091e-04,-8.389087424923706180e-04,-6.038916226855134579e-04,-1.339486026253144761e-04,0.000000000000000000e+00,0.000000000000000000e+00,1.000000000000000000e+00,0.000000000000000000e+00
1.000000000000000000e+00,1.350529230314460004e-02,6.146408585964475632e-03,4.832797385772299255e-05,1.409667242304734626e-05,4.155342626693322439e-01,3.576835175612175233e-01,8.358028540370444626e-01,2.258890496170468180e-05,-1.889087981185641821e-02,1.055190393079561556e-02,-1.134052670055239352e-03,7.207684341183221224e-03,-4.787102053540718410e-03,3.160686113996878134e-03,-4.004431912983240360e-03,2.193960359771352040e-03,-1.499587906629311698e-03,1.818277485313811361e-03,-2.492254355712735479e-03,1.039971382220708420e-03,-2.635563142335296816e-03,4.277193311707016090e-04,-2.118578382187082196e-03,5.933842393496641891e-04,-2.126453261196484951e-03,1.061478137152240767e-03,-1.200233385261079968e-03,-2.935693338137858929e-04,1.000000000000000000e+00,0.000000000000000000e+00,0.000000000000000000e+00,0.000000000000000000e+00
1.000000000000000000e+00,1.756998375534167545e-02,8.703450154119969986e-03,5.644955203467878020e-05,1.470858205623460801e-05,3.843112777132306479e-01,3.645226324088188807e-01,8.477029862351302958e-01,1.638645449593393889e-05,-1.590253949359581725e-02,1.030266742467960892e-02,-5.749111472448803495e-04,5.073855220896895772e-03,-7.284284392154573382e-04,4.269490490206500309e-03,-1.656548642778720966e-03,3.119154029517454737e-03,-1.556416513862254316e-03,1.991874004983271423e-03,-1.776861013132265913e-03,1.825464269109257831e-03,-1.801630602731715044e-03,1.122996559315433181e-03,-2.074384055816945981e-03,1.338507288853042028e-03,-8.465734525283295743e-04,1.089409885461188046e-03,-1.093024820494240424e-03,5.993901868834116244e-04,0.000000000000000000e+00,0.000000000000000000e+00,0.000000000000000000e+00,1.000000000000000000e+00
1.000000000000000000e+00,1.780031257279943505e-02,7.605133092327842452e-03,6.737279419166874647e-05,2.535920956765063639e-05,4.068980373492062097e-01,3.806873881215345756e-01,8.297976671901330370e-01,2.266449169525495825e-05,-1.422020814642208780e-02,1.447241178497525420e-02,-3.333880034610412629e-03,8.932078515512323347e-03,-1.749814005634170683e-04,3.234271235527501516e-03,-6.758358090794044492e-04,3.477664225365339774e-03,-3.235366830557502051e-03,2.047837061199661926e-03,-3.638881533319319756e-03,1.586919053608312888e-03,-2.632650984114396145e-03,6.578202830375290021e-04,-2.302523944056475251e-03,3.943901728870008818e-04,-1.278608650778056749e-03,5.706814597886354081e-04,-6.868530873261532175e-04,9.790369171855501339e-04,0.000000000000000000e+00,0.000000000000000000e+00,0.000000000000000000e+00,1.000000000000000000e+00
1.000000000000000000e+00,4.877226903075671666e-02,2.295179479999764557e-02,7.375960869415750638e-05,9.639098199948053160e-06,4.094473104496146321e-01,4.878794942727933126e-01,7.617609331882755352e-01,2.139830816888265211e-05,-9.699656704713867372e-02,4.063740294922155855e-02,-5.512164645412054483e-03,6.701548628906896926e-03,1.280746129521847707e-04,-1.148960555275348574e-03,1.489054475417211692e-04,-3.456473019708902208e-04,-5.731284090334708365e-04,-3.113975120908051719e-05,-8.321523673253788380e-04,1.801080810111319432e-04,7.547097513594924192e-04,9.342288233356847325e-05,5.071346881183530020e-04,8.710959388665616508e-04,6.290939918308743233e-04,3.502470113217483172e-04,-7.226358761743931387e-04,-1.029507267520117422e-03,0.000000000000000000e+00,1.000000000000000000e+00,0.000000000000000000e+00,0.000000000000000000e+00
1.000000000000000000e+00,3.826424119356926223e-02,1.886568810254792700e-02,1.236221541983584173e-04,3.894781586610018175e-05,4.030130028070812442e-01,5.701802956180512805e-01,7.048794474484721961e-01,1.845655364318440257e-05,-1.019126006466851836e-01,5.346150093161877032e-02,4.306954165818042447e-03,1.868101293371738150e-02,5.742553157998691454e-03,7.920826769071138973e-03,1.235053635205050080e-03,4.801783382975513721e-04,-6.101089655055362895e-03,6.155184537242965569e-03,1.297040696530588370e-03,-5.852708521753010673e-04,7.294963378119585784e-04,2.435426427107652714e-03,-3.798575991391059956e-04,-9.289851167764125520e-04,-1.418031019083210859e-03,1.913307751346223949e-04,1.943095177644865983e-03,-3.003146084880282864e-04,1.000000000000000000e+00,0.000000000000000000e+00,0.000000000000000000e+00,0.000000000000000000e+00
1.000000000000000000e+00,3.466801324000516604e-02,1.446298152353400757e-02,7.396382084835396585e-05,5.827971349435791758e-06,4.122514199752647657e-01,4.502261494369333983e-01,7.829861574655162526e-01,2.144156897092273453e-05,-1.058554159507283654e-01,3.810333094425898820e-02,-8.973890340354449477e-03,5.869938250012644160e-03,-3.065310456611320278e-03,-1.920691788618924265e-04,-3.131019107155217501e-03,4.559981947648179823e-04,-1.173268709076799978e-03,5.502599270926781172e-04,-2.609829308087568620e-03,-2.115752173397634616e-03,-2.424318001613474070e-03,-1.753302042677968350e-03,-3.341736387448050277e-05,1.263399025412604432e-03,2.647321108742182582e-03,3.778671731040981596e-03,4.335030845501614168e-03,3.397724727004130044e-03,0.000000000000000000e+00,1.000000000000000000e+00,0.000000000000000000e+00,0.000000000000000000e+00
1.000000000000000000e+00,3.644325849897198100e-02,1.795377267681478456e-02,6.827084754116925400e-05,9.121086342730838254e-06,4.064054086224135887e-01,4.366520183655771548e-01,7.968747215017857322e-01,2.111253354762650423e-05,-7.828067303905147933e-02,3.423785677942976086e-02,-8.012484881512019902e-03,1.003004596949825557e-02,-2.558285150814486753e-03,1.370302507923875160e-03,-3.701075006758220137e-03,1.882761499078510880e-03,-1.883853088636267816e-03,1.739023027859798584e-03,-2.654500389874807093e-03,1.261884019070333863e-03,1.010786600962053540e-04,3.923926827962222652e-04,9.093917716340670348e-04,1.628310083565935856e-03,2.581669251086602442e-04,-2.019558914921511510e-04,-5.641537055253441650e-04,2.023503777898666498e-04,0.000000000000000000e+00,1.000000000000000000e+00,0.000000000000000000e+00,0.000000000000000000e+00
1.000000000000000000e+00,2.290293334801426009e-02,1.100836502474350671e-02,7.442227004506829740e-05,2.942135401606380712e-05,3.944944643726513989e-01,4.016281055567954561e-01,8.253811531984931449e-01,1.931960848095660589e-05,-2.024262894032951773e-02,2.396580802384870590e-02,-6.090679155318092473e-03,8.325238253107039230e-03,-3.110092348297496378e-03,5.703502603447498619e-03,-2.437129178646392936e-03,2.716232004764175881e-03,-2.317876598560324967e-03,2.147890166882388072e-03,-1.782746985091771376e-03,1.714485065276380622e-03,-1.395749418731164924e-03,8.851712033290547101e-05,-1.082162581822218020e-03,3.350334794714749363e-04,-1.499762112792853586e-03,1.051945003620361428e-04,-2.979584546030263070e-04,-1.207064187617750643e-03,0.000000000000000000e+00,0.000000000000000000e+00,1.000000000000000000e+00,0.000000000000000000e+00
1.000000000000000000e+00,2.006894700967586098e-02,9.708334154340553246e-03,8.009390519060294116e-05,3.268950828194490594e-05,4.215789238393803928e-01,3.794762170078520014e-01,8.227100044821319402e-01,2.578578131676306581e-05,-1.489607169065939457e-02,2.053381208078852022e-02,-8.384458223140359504e-03,1.183365362897032674e-02,-1.700634336884405051e-03,4.121591510823394838e-03,-2.497924398267863458e-03,3.612246687760626174e-03,-2.210575771974586465e-03,2.823526504958917809e-03,-1.174314363104268094e-03,2.471151437685274298e-03,-1.818722311169522921e-03,2.622918591095606722e-04,-7.009363469881065272e-04,1.358702435903433618e-03,-7.869590418103255451e-04,-5.270203798562781789e-05,-7.176578402871276567e-04,-9.786805419402995227e-05,1.000000000000000000e+00,0.000000000000000000e+00,0.000000000000000000e+00,0.000000000000000000e+00
1.000000000000000000e+00,5.345108705354598144e-02,2.635336558728904044e-02,7.799438450089233308e-05,3.448286181795199017e-05,3.941552613342250155e-01,4.540321723153239453e-01,7.933883719378116428e-01,2.001810935704195332e-05,-6.000692620775514852e-02,3.845829913073830347e-02,-4.471090452129733439e-03,1.766159904258670157e-02,2.101918371803879009e-04,3.601962861352420598e-03,3.428357757706467705e-04,-4.462057591430568216e-04,-5.180363292537169297e-03,2.420598948361779666e-03,-7.101124692717913954e-04,-1.775950926824268743e-04,1.114594950246224807e-04,7.544383368173637836e-04,-1.502698951738123219e-03,-2.759126508595344425e-03,-2.677152703360064986e-03,-8.248527412487151279e-04,-4.108538527284606831e-04,-1.718067693340457735e-03,1.000000000000000000e+00,0.000000000000000000e+00,0.000000000000000000e+00,0.000000000000000000e+00
1.000000000000000000e+00,3.843827602814382793e-02,1.701766783175557782e-02,2.472080975147143028e-04,4.313736207853964680e-05,3.730342960742054070e-01,6.515195314493109624e-01,6.070252679691177100e-01,1.420356675120118391e-05,-2.293694970117193532e-01,1.109720499146160250e-01,2.082725083439993310e-02,1.091934467206080554e-02,1.879152864990189450e-02,1.260418486613576992e-02,5.146794154628835452e-03,6.569319954055160074e-03,3.099248791171986192e-03,1.903011263087682524e-03,2.562829761806283396e-03,1.192342672779684058e-03,-3.908101936894788943e-03,-3.442522041931613940e-03,-1.500243230745259659e-04,-1.162994310383134002e-03,-2.430745546878407791e-03,1.188554466767049550e-04,1.356432561639104445e-03,-1.895653373024783987e-03,1.000000000000000000e+00,0.000000000000000000e+00,0.000000000000000000e+00,0.000000000000000000e+00
1.000000000000000000e+00,1.866550064552253627e-02,8.646570965697297426e-03,6.907563954441236793e-05,2.891802496317352652e-05,4.251219227489110297e-01,3.678499809493923633e-01,8.266602785986664204e-01,2.493973316815042404e-05,-4.920741630429741574e-03,9.860158426146965749e-03,-4.049944952531481408e-03,4.593789019579995643e-03,8.713029785606260990e-04,1.781147585820576145e-03,-3.267884988623432556e-04,1.585693326738506041e-03,-3.581076670908328011e-04,8.078952853732517111e-04,-5.776087479313121156e-04,-1.305644530360605487e-04,-2.878438933827384420e-05,5.255353093392399217e-04,-4.569571975596973569e-04,6.583587242357754916e-05,-1.412868830261740339e-04,1.784345944062026368e-04,5.268589101564199969e-07,4.335292623377519339e-04,0.000000000000000000e+00,0.000000000000000000e+00,0.000000000000000000e+00,1.000000000000000000e+00
1.000000000000000000e+00,2.859452455824734035e-02,1.383257423830559080e-02,6.778378765976366370e-05,8.164726006004380477e-06,4.142016732500796161e-01,4.344904592803198740e-01,7.934777688384908600e-01,2.385189780397892279e-05,-8.714873998748670636e-02,3.561323978705397547e-02,-8.001599851631277516e-03,8.531268787187894567e-03,-2.488518148983411005e-03,2.207824936367248220e-03,-2.724308665290358332e-03,4.012786000913573319e-04,-2.480076349268764847e-03,1.674349374102675160e-03,-9.184965413236381325e-04,2.103736118723237986e-03,1.049434251804148193e-03,8.113440597085938392e-04,5.085882426251290027e-04,1.440897918537819167e-03,2.973083420752274989e-04,3.939618221509605292e-05,-1.254904827181422362e-03,-6.372958246856192353e-04,0.000000000000000000e+00,1.000000000000000000e+00,0.000000000000000000e+00,0.000000000000000000e+00
1.000000000000000000e+00,2.350450574456574432e-02,1.044246739872855233e-02,9.430787184363675793e-05,2.675839565351901151e-05,3.919280458403010536e-01,4.338736659285913899e-01,8.087238831871031985e-01,1.905094344097356361e-05,-4.512314046358574526e-02,3.469486719323792989e-02,-6.855144005106003809e-03,9.264834659455975507e-03,-4.778276557532832973e-03,5.325564799673713177e-03,-4.528699672081525486e-04,7.673970119824196799e-04,-1.426510700764422159e-03,1.436085778210788051e-03,-2.067376990496335668e-03,1.437119809984580433e-03,-2.748209733266932572e-03,-6.154087517507481455e-04,-1.768498204176015363e-03,-6.385794185572778257e-04,-1.325338210430181433e-03,-8.679119804423995410e-04,-8.268656860264395189e-04,-6.830444679112806323e-04,1.000000000000000000e+00,0.000000000000000000e+00,0.000000000000000000e+00,0.000000000000000000e+00
1.000000000000000000e+00,5.395711771824343583e-02,2.593465380612386753e-02,1.278549068569691564e-04,1.136469305177214518e-05,3.890626001909330278e-01,7.656321577337256157e-01,4.223188523327902066e-01,2.032724549156671832e-05,-2.626624664236518747e-01,1.016110010399275121e-01,3.194816151393803372e-02,6.213416549381661942e-03,3.290393011318754057e-03,4.133500141335463753e-04,-2.237033300238237300e-03,-3.320499431914482671e-03,-4.773057697388499200e-03,-5.518937417294297876e-03,-4.338447430317214637e-03,-1.836682499543813504e-03,-1.049994044337417042e-03,-2.263771052681510122e-03,-2.316105774126087178e-03,-1.394456725107257955e-03,-1.328561821400850353e-03,-1.685690915204304157e-03,-1.814647068826616893e-03,-9.631342063387930957e-04,0.000000000000000000e+00,1.000000000000000000e+00,0.000000000000000000e+00,0.000000000000000000e+00
1.000000000000000000e+00,1.539880566026803968e-02,7.687530735067145751e-03,8.057133703499402789e-05,2.747253941920268898e-05,3.582040475729423856e-01,4.859108588968903963e-01,7.946936843335793421e-01,1.245037367915849444e-05,-4.775904257189717006e-02,3.481553844072064752e-02,1.522204832187523844e-03,1.174940232954965053e-02,-1.475813636916197815e-03,5.834944689714858905e-03,-3.332827609547205690e-03,4.387460377904781397e-03,-3.524603138669970756e-03,2.494200276705352444e-03,-2.143581113318273040e-03,1.704140991059695069e-03,-2.329265165156132328e-03,1.392637748589587192e-03,-1.756714120657846493e-03,3.981939643702528983e-04,-2.194955718566521993e-03,1.396231639344519765e-03,-1.117043107321258289e-03,-1.205721914340987565e-03,0.000000000000000000e+00,0.000000000000000000e+00,1.000000000000000000e+00,0.000000000000000000e+00
1.000000000000000000e+00,2.572450853178227456e-02,1.274286765789027324e-02,4.618211479454451560e-05,1.642480267862161592e-05,4.003995091580546117e-01,3.735620417976330265e-01,8.358434390576729989e-01,2.152687630948708886e-05,-1.802602448530879822e-02,1.413014131532895103e-02,-1.421680807652165885e-03,7.882657507499243529e-03,-5.508105736640112743e-03,2.527084363463622235e-03,-2.826427944866173863e-03,2.343747691405294754e-03,-1.785214567147721393e-03,2.447676155702709164e-03,-2.402306112301731602e-03,1.393558122669678488e-03,-2.967638497572945826e-03,8.719654521887875440e-04,-1.476170368853574376e-03,1.277148211151053758e-03,-1.521510244396591296e-03,9.355803631276938051e-04,-7.013093070480107185e-04,5.758738562536004331e-04,1.000000000000000000e+00,0.000000000000000000e+00,0.000000000000000000e+00,0.000000000000000000e+00
1.000000000000000000e+00,1.866943240435832777e-02,9.248071973182369829e-03,7.916492459277373853e-05,4.247172896459895723e-05,3.732865326412365681e-01,3.795048695986500409e-01,8.461224227734021053e-01,1.441725858399090087e-05,-7.478319156248593690e-03,1.016303881848182843e-02,-5.663886971786122847e-04,7.188714940574772276e-03,2.290837287166657202e-04,5.159818653128834046e-03,-5.919553098160007824e-04,3.582456817649482331e-03,-1.403233527559913547e-03,3.185507328760067529e-03,-8.841983763906878166e-04,2.483309867460032141e-03,-4.004077222938445574e-04,1.729138869354500136e-03,-2.359344679925550901e-04,1.001058923230839417e-03,-4.212835124310338017e-04,7.105528682031369159e-04,-7.037328167659993069e-05,9.742711690291369023e-04,0.000000000000000000e+00,0.000000000000000000e+00,0.000000000000000000e+00,1.000000000000000000e+00
1.000000000000000000e+00,2.170122862199885816e-02,1.074989961429567015e-02,6.702318556375460050e-05,2.138400830735189763e-05,3.620792815846235468e-01,3.984859467049347570e-01,8.418548213226731969e-01,1.464092382744453984e-05,-1.833619701227576573e-02,1.690110977275000731e-02,-1.446990381205511380e-03,7.954669571695155775e-03,-1.101186091864746804e-03,6.653787240127032390e-03,-1.430767017933517408e-03,4.965894705232396129e-03,-2.784217538045171639e-03,2.211394497051821350e-03,-4.066450766608444359e-03,1.106193906353572596e-03,-1.451676689023010790e-03,8.250982317422716605e-04,-2.593884223434956594e-03,2.584595619780476476e-04,-1.130834746650580388e-03,2.381395144811646253e-04,-6.654440601127903495e-04,5.521854354795844265e-04,1.000000000000000000e+00,0.000000000000000000e+00,0.000000000000000000e+00,0.000000000000000000e+00
1.000000000000000000e+00,2.044816524524899898e-02,9.970914862445225471e-03,7.527034535494592400e-05,1.409291681355935440e-05,3.809668264549928574e-01,3.902114749424805962e-01,8.372845095882337496e-01,1.658750512131569114e-05,-2.569103459609344345e-02,1.627515306618149138e-02,-1.721430577874509017e-03,6.502487793243119131e-03,-1.864008436379936207e-03,4.007729266525808173e-03,-1.968789899748759741e-03,4.021089134457180025e-03,-2.237078168888055434e-03,3.415903499643186281e-03,-1.384514280737830436e-03,9.751386255343616818e-04,-1.610031441843178413e-03,6.556822755941545816e-04,-1.466226812390838572e-03,5.506424844420635626e-04,-4.986251063573899945e-05,1.262364100884038297e-03,1.093999035118317311e-04,1.345980083711737234e-04,0.000000000000000000e+00,0.000000000000000000e+00,0.000000000000000000e+00,1.000000000000000000e+00
1.000000000000000000e+00,3.406624665040263594e-02,1.603127183262847977e-02,1.308812832993045978e-04,4.864365549930619676e-05,4.063034358135203528e-01,5.208968477220473625e-01,7.394414576084454849e-01,1.930858300911176745e-05,-9.666278795079993880e-02,7.609536617101461675e-02,1.905274187375138829e-03,1.019760883764819076e-02,4.743451178648448773e-04,1.677932956227965984e-03,-2.524412181780801966e-03,7.850728492834640245e-04,-5.539687220495407259e-03,2.306164156472456383e-06,-5.691547781967194915e-03,6.660968348193438892e-04,-5.662687993929028940e-03,-2.406197934645951456e-03,-3.203614612954828848e-03,-4.141280553712164449e-03,-1.590470792492726902e-03,-2.026858361546154431e-03,-1.988791261594120233e-03,-1.246716756441404450e-03,0.000000000000000000e+00,0.000000000000000000e+00,1.000000000000000000e+00,0.000000000000000000e+00
1.000000000000000000e+00,3.017840265268431632e-02,1.424840319952587475e-02,6.734828015810451251e-05,4.050458863755193373e-05,3.520008196230866582e-01,4.897334152668055274e-01,7.952935628888320174e-01,1.061160020872831544e-05,-4.012585408582229618e-02,2.809510259499044954e-02,3.582324395291003501e-03,4.927910828256464905e-03,-1.263674725597353473e-03,5.650887456440403106e-03,-5.638702545336990619e-03,4.331824034207515037e-03,-5.221219287871481027e-03,3.042710916080853221e-04,-4.849430819914841810e-03,-1.164291955809458514e-03,-3.998801574072741345e-03,-1.844835658934321785e-03,-3.578721995302151446e-03,-2.184011844722394055e-03,-2.080297290544442287e-03,-1.989395983296114376e-03,-3.347209373694062969e-03,-4.656472272472195022e-03,1.000000000000000000e+00,0.000000000000000000e+00,0.000000000000000000e+00,0.000000000000000000e+00
1.000000000000000000e+00,2.716023681219878125e-02,1.345406862981299648e-02,6.301712853614274484e-05,1.858280335519029927e-05,3.936043062744909449e-01,3.794952333416261592e-01,8.362550024141516269e-01,2.047964061739287488e-05,-1.959541401458066157e-02,1.638542076712812268e-02,-2.334312993416495612e-03,8.235026704023228061e-03,-3.797788176701151399e-03,4.667547596151512893e-03,-3.401970488957366170e-03,3.133245799640017610e-03,-2.462579579263263554e-03,1.424970925511019181e-03,-2.799229132756559085e-03,1.849630092536876710e-03,-2.331220237553713413e-03,1.637253767856525731e-03,-8.559290112903142345e-04,4.430824940616635127e-04,-1.662219284079388204e-03,1.035805003244372321e-03,-1.292029177463356387e-03,-8.160697878342385980e-04,1.000000000000000000e+00,0.000000000000000000e+00,0.000000000000000000e+00,0.000000000000000000e+00
1.000000000000000000e+00,1.724184823357452837e-02,8.407453614847770415e-03,5.522112803870456963e-05,3.076428267777116347e-05,3.920670557780707166e-01,3.789508258454085121e-01,8.379845178443978693e-01,1.694669290760634651e-05,-1.064149846496486532e-03,8.370889490551262219e-03,-1.944589803409049994e-04,3.752283079194277792e-03,1.330990128571373811e-03,1.248168051268571440e-03,7.230558294429082454e-04,1.311052498720455392e-03,4.041508152049867243e-04,1.124748214113443839e-03,4.165039454449728871e-05,8.735098657389892473e-04,9.835193862649837843e-05,-2.369137545479585655e-04,1.135840658867892856e-04,3.982180192394034609e-04,-3.690521340310430219e-04,3.768343328133145500e-04,-2.325717560206351942e-04,1.297262255387084888e-04,0.000000000000000000e+00,0.000000000000000000e+00,1.000000000000000000e+00,0.000000000000000000e+00
1.000000000000000000e+00,3.046124510379887712e-02,1.461771375018883559e-02,1.514523076350253092e-04,2.614390188936540247e-05,4.044811503729209279e-01,5.836631053658252188e-01,6.811106113031314413e-01,1.668393806565172659e-05,-1.550389552129583515e-01,7.877535274455768621e-02,6.152326968844433128e-03,1.357937649431683810e-02,5.316157983774106623e-03,6.801034273267978630e-03,5.520727440965084339e-03,3.674063299750299216e-03,-5.530096252382407478e-03,1.124316271055675939e-03,-3.934803633332064482e-03,-1.816342508502092950e-03,-3.171036457020142557e-03,-2.719961161824088324e-03,-3.894540533307912309e-03,-2.143962414317540470e-03,-4.982369501690407697e-04,-2.172097068384121719e-03,-1.350646739002770054e-03,-1.054268541373383321e-03,0.000000000000000000e+00,0.000000000000000000e+00,1.000000000000000000e+00,0.000000000000000000e+00
1.000000000000000000e+00,1.165174093157772366e-02,5.681610816159803935e-03,5.190666405283064815e-05,3.361612535767358716e-05,3.784679108812912252e-01,3.852190192145630299e-01,8.414730381054619235e-01,1.449315288163587363e-05,-3.132070918839910227e-03,9.504953426622747559e-03,5.172944485481309950e-04,3.832403389970104237e-03,1.862179238088576029e-03,7.747189861474672659e-04,5.385387776018801028e-04,1.008149110738216624e-03,3.586069399887648599e-04,1.149648897633109412e-03,-3.092289014565939836e-04,2.814345436147957049e-04,-4.572625226129259173e-04,6.932058223725875773e-04,-2.400979818246928382e-05,4.884837662564533404e-05,7.918598182550676886e-05,5.449011629636964444e-04,1.255648286587772227e-04,5.533001174152052219e-04,0.000000000000000000e+00,0.000000000000000000e+00,1.000000000000000000e+00,0.000000000000000000e+00
1.000000000000000000e+00,1.739491967544629092e-02,8.697512430072882814e-03,4.665255527821068687e-05,1.185257680333379414e-05,3.775625292714296366e-01,3.883393867468922789e-01,8.401810155151130388e-01,1.595510742428792912e-05,-1.593864606455651367e-02,9.275240554850105665e-03,2.137553192741368808e-03,2.334076725743306630e-03,1.564033586622413886e-03,1.035000835095559440e-03,1.020858396058488228e-03,-6.632976320809209718e-05,3.033092230706150726e-04,-7.175046556997993004e-05,-7.125286774952216320e-04,6.917315796514791676e-05,-6.480492585362521282e-04,-1.484296289487520184e-04,-4.581620183483011994e-04,-4.724851307061311671e-04,-2.255003024430325654e-05,-8.334366958259900691e-05,-5.300708248379344982e-04,-5.109517027570646122e-04,0.000000000000000000e+00,0.000000000000000000e+00,1.000000000000000000e+00,0.000000000000000000e+00
1.000000000000000000e+00,5.051101103079043420e-02,9.852052437243696142e-03,1.069398160506048986e-04,4.349872711828510309e-06,3.969898681928726303e-01,4.841133508328043789e-01,7.620457837172744942e-01,1.913870090827518802e-05,-1.509771807989410686e-01,4.248844683857006671e-02,-5.931355749387173543e-04,6.317372389026382207e-03,2.722319717211969890e-03,-7.197036912129192894e-04,-1.387266675499470008e-03,-8.924302823937944841e-04,-2.051555543812787815e-04,-2.804742076864971353e-04,-3.184808686833218248e-03,-1.296901776094280898e-03,-3.440215683690790878e-04,-1.758703526793944103e-03,-1.340818602561035270e-03,-8.495361595399118998e-04,-6.673466616649684517e-04,-1.080978171654236984e-04,1.203229872887427374e-03,1.106812610638140300e-03,0.000000000000000000e+00,1.000000000000000000e+00,0.000000000000000000e+00,0.000000000000000000e+00
1.000000000000000000e+00,7.162206400208216694e-02,3.567266012228875738e-02,8.246733596513866583e-05,7.255792042252245339e-06,3.708413161970331440e-01,4.825875364844243731e-01,7.806091250163467166e-01,1.715649357511691433e-05,-1.085858091832239553e-01,4.262602071403456816e-02,-1.914273150601675418e-03,1.316421411481075859e-02,-2.701085227754156885e-03,3.366821286166742956e-03,-2.553173772516376117e-03,1.346339632633064857e-03,-2.527879945672676688e-03,2.645560626854707824e-03,-2.481279885818761521e-03,1.044048296467368344e-03,-4.385403043926570888e-04,-1.278948715495971465e-04,-5.264671040943440109e-04,-8.647768347973676145e-05,-1.992600675693284823e-04,3.538448081432083543e-04,-1.905105500974112165e-04,-7.851997063982181198e-05,0.000000000000000000e+00,1.000000000000000000e+00,0.000000000000000000e+00,0.000000000000000000e+00
1.000000000000000000e+00,3.813071930998797321e-02,1.878510030913584095e-02,1.037309073317007913e-04,5.247164478358347904e-05,3.892706659943682146e-01,4.970633935892426747e-01,7.722989347009786565e-01,1.602268812808793139e-05,-3.660402185892284305e-02,3.924602762180326443e-02,-3.558363596993602490e-04,1.102535493379945206e-02,-1.780885178405616515e-03,5.542751102104026030e-03,-3.143852386999073777e-03,7.639117193126402847e-03,-4.635340023614147043e-03,1.971426983943841849e-03,-3.356536799325984441e-04,4.518959235944411705e-04,-1.858409004368864748e-03,1.388482554900960161e-03,-4.579431928219739804e-04,2.682229554811470370e-04,-1.357225542899132432e-03,-1.672982856444742324e-03,-7.800546327693926247e-04,-1.820753185802188780e-03,1.000000000000000000e+00,0.000000000000000000e+00,0.000000000000000000e+00,0.000000000000000000e+00
1.000000000000000000e+00,2.123622548738601443e-02,1.018260157972947222e-02,7.645102552021429572e-05,2.164621465406049971e-05,3.987231682744661332e-01,3.808484450485056239e-01,8.334754166825312227e-01,2.216457330964375689e-05,-1.564970687082102574e-02,1.727472015607015715e-02,-4.127624014339337753e-03,9.074790534018762483e-03,-3.609886165619389815e-03,5.435464900524272433e-03,-1.933543007397628541e-03,3.466465167372073837e-03,-1.882783754417658838e-03,3.029967576495419274e-03,-2.432179165280727497e-03,2.241564566727522259e-03,-1.970142117252274110e-03,5.015481532244000628e-04,-2.073266416051810883e-03,8.323128489471145206e-04,-1.925490874500743708e-03,2.000640348743710378e-04,-6.754958166837628491e-04,5.609796861865893984e-04,1.000000000000000000e+00,0.000000000000000000e+00,0.000000000000000000e+00,0.000000000000000000e+00
1.000000000000000000e+00,4.826033739424766267e-02,2.222528977140379725e-02,1.045105308605810939e-04,2.126659659537629042e-05,3.721357101135158718e-01,5.416041181215361933e-01,7.445321217868267061e-01,1.430223906665266693e-05,-9.706266243220418311e-02,3.589730738918816416e-02,3.847744596405147655e-03,1.429721243576922290e-02,5.641972160557040192e-03,4.629183923556643744e-03,1.322955167191553361e-03,7.152515917298070804e-05,-2.229433668615144002e-03,4.332112695611226548e-03,2.836749938057021338e-03,4.122721602497006477e-04,1.890571339287018147e-03,2.712713110709054180e-03,3.548628659650776996e-04,1.878223270619673851e-04,1.824820477747586894e-05,-1.178683820113547416e-03,-3.189164177890473702e-04,-5.722802090790217715e-04,1.000000000000000000e+00,0.000000000000000000e+00,0.000000000000000000e+00,0.000000000000000000e+00
1.000000000000000000e+00,3.732159276632139588e-02,1.676882012945575193e-02,1.041834528678580298e-04,6.681152677262984087e-06,3.836106995963937671e-01,5.475119628475917377e-01,7.224295504119961908e-01,1.724741231389211068e-05,-1.586867601467241984e-01,6.359770126915212374e-02,-9.208105088455543303e-04,1.262888404538059506e-02,3.112104839057432126e-03,3.743871300795419133e-03,-2.113718676487713177e-03,3.691584314955199866e-03,-1.186334144190908171e-03,3.964174640120063722e-03,-4.033254983321151073e-03,-2.114908950268069073e-03,-3.136079340843537372e-03,-8.153575443526200070e-04,1.556701254718892316e-04,1.322951691695209517e-03,1.365826389950485636e-03,2.881039764237309890e-03,2.514714809521413803e-03,7.206735686042060808e-05,0.000000000000000000e+00,1.000000000000000000e+00,0.000000000000000000e+00,0.000000000000000000e+00
1.000000000000000000e+00,1.854995925142028518e-02,8.585868970163050562e-03,7.233295144833531770e-05,2.861602316873617443e-05,3.825862179697075982e-01,4.084245382088285137e-01,8.279091849490316513e-01,1.668780191311064386e-05,-1.883881703866469720e-02,2.083279216165156295e-02,-2.454859837620438929e-03,8.326084851029267112e-03,-1.113036136453206997e-03,5.476937048638898763e-03,-1.486376962677219598e-03,3.656793016854402185e-03,-4.190950143105735305e-03,3.224199599386155801e-03,-3.328752703032815917e-03,2.129992544151832357e-03,-2.324796613347301401e-03,3.084556476438762049e-04,-1.591973672012577962e-03,5.081797625320655810e-04,-1.363332568296450782e-03,9.099861225729666400e-04,-2.262824811960572160e-04,-2.420843308655737575e-04,0.000000000000000000e+00,0.000000000000000000e+00,1.000000000000000000e+00,0.000000000000000000e+00
1.000000000000000000e+00,2.313966955550188567e-02,1.128334363087330101e-02,1.059596312171265343e-04,2.241647802021371055e-05,3.596726772746458578e-01,5.360493395133033578e-01,7.569250979026821424e-01,1.143630200762799728e-05,-8.551372196833365025e-02,4.476892476959927480e-02,1.978477589073520618e-03,1.531369114870600491e-02,-7.745490952486384310e-04,6.783407944321998180e-03,1.316152387413049678e-03,5.692275849404261449e-03,-3.879360208432008732e-03,4.993770154014944701e-03,-3.673697669179003191e-04,2.543010706535189357e-03,1.604096459008163948e-04,-7.405831044793465413e-05,-1.247574455782348704e-03,1.310446543091496521e-03,-1.001275993987654159e-03,9.687219731609998880e-04,-4.511340061103159826e-04,-4.826242119371304084e-04,0.000000000000000000e+00,0.000000000000000000e+00,1.000000000000000000e+00,0.000000000000000000e+00
1.000000000000000000e+00,2.182364098044406453e-02,9.999747355610757657e-03,7.395619530059200448e-05,9.114338545755934219e-06,4.216818235909858270e-01,4.758268224297819149e-01,7.636115063920126955e-01,2.477447463727021191e-05,-1.003714786402817027e-01,4.259442684503219473e-02,-8.847082163568234514e-03,9.700305176631290535e-03,1.752282893598639880e-04,6.987265743246084515e-05,2.051822435431323180e-04,-4.120284254258814731e-04,-1.307812325024350465e-05,-1.314908586112930970e-04,-1.935497314408760961e-03,-5.028595689420964560e-05,-1.504488812491534236e-04,-2.338249972155010011e-04,2.336988539593907229e-03,3.431377369508270114e-03,2.450757456519517524e-03,1.352790557476207323e-03,9.337944324180820791e-04,1.829998528237239321e-03,0.000000000000000000e+00,1.000000000000000000e+00,0.000000000000000000e+00,0.000000000000000000e+00
1.000000000000000000e+00,1.648006434907056325e-02,8.291104180454549402e-03,6.793415421149843320e-05,1.862875116036605727e-05,4.338066081717683042e-01,3.574875898000297592e-01,8.264343033134844418e-01,2.559867636718396512e-05,-1.741023833841242804e-02,1.330340191694191765e-02,-6.817481298517286646e-03,8.959278137630862643e-03,-1.389425331473614304e-03,4.266228223538393906e-03,-2.068978565644725032e-03,4.762028229413370860e-03,-2.489054585772373408e-03,2.590097998905546359e-03,-1.263165897700429304e-03,2.058841538148850625e-03,-1.222502418569256172e-03,9.574376200639933164e-04,-1.596091325799143743e-03,6.622894161421240570e-04,-1.218977422372402022e-03,5.703676600177802394e-04,-5.831749653107006198e-04,-4.817963090790660448e-04,0.000000000000000000e+00,0.000000000000000000e+00,0.000000000000000000e+00,1.000000000000000000e+00
1.000000000000000000e+00,2.096989901072515705e-02,9.933170121869484837e-03,6.945198064872508924e-05,3.155780364147781682e-05,4.028525932676557675e-01,3.961445720090285283e-01,8.241608536658709960e-01,2.032825775886830546e-05,-1.858788801403802454e-02,2.049285059086970381e-02,-5.249585389335066112e-03,1.184790999632506260e-02,-9.403837403761517019e-04,4.195005798631845466e-03,-2.632246890124856180e-03,2.360999031317789851e-03,-3.940865352528155098e-03,2.364222569134169939e-03,-1.018056143600759144e-03,1.998821672526208352e-03,-1.838257232075610507e-03,7.532721506188481573e-04,-1.984190238060661287e-03,6.988457968814281622e-04,-6.039275201874470247e-04,3.790124714898134961e-05,1.641644960539364619e-04,-6.654398985811771144e-04,1.000000000000000000e+00,0.000000000000000000e+00,0.000000000000000000e+00,0.000000000000000000e+00
1.000000000000000000e+00,2.124432766984164778e-02,9.865846500643014189e-03,6.443548835118974359e-05,2.581999146182772860e-05,4.029233359924843105e-01,3.926778569497320626e-01,8.261719522667470006e-01,2.047150770042789985e-05,-9.499385071353349391e-03,1.422958489922437550e-02,-1.937503036951518376e-03,6.375329538398153209e-03,3.900360121394248997e-04,1.451741598956980683e-03,-2.122617620685116676e-04,1.632266479528057075e-03,-2.723282786197363985e-04,1.618187962778666134e-03,4.963949185137888362e-04,1.238245305192066728e-03,2.827806449600571491e-04,9.312840704031906522e-04,-1.152188920934979705e-04,5.675539891852261808e-04,2.199338324334868501e-05,-1.576059342990018591e-04,-4.336149507801466971e-04,2.722366938733582122e-04,0.000000000000000000e+00,0.000000000000000000e+00,0.000000000000000000e+00,1.000000000000000000e+00
1.000000000000000000e+00,2.770012932159680516e-02,1.329271209651956137e-02,6.012946633106003682e-05,2.673876878235614195e-05,3.536062462365319736e-01,4.695861314244328399e-01,8.064446705628505185e-01,1.134733691931071494e-05,-5.011022083493842788e-02,2.169361932576598442e-02,3.784193255834896168e-03,5.088612076096868560e-03,4.458144433916523303e-04,5.561561962089553446e-03,-3.637852860355263607e-03,3.236169308414542714e-03,-4.776540519198518506e-03,9.434625328986435619e-04,-4.974398016924004400e-03,-1.296281070188293801e-03,-1.086004108380417060e-03,2.300867030342224507e-04,-1.239329216952899824e-03,-1.780707900397999078e-03,-2.441216457319974383e-03,-1.441898193714385512e-03,-2.149926104146942293e-03,-3.009141799594061435e-03,1.000000000000000000e+00,0.000000000000000000e+00,0.000000000000000000e+00,0.000000000000000000e+00
1.000000000000000000e+00,1.800825324922628035e-02,8.641783690754935993e-03,8.837025943462145953e-05,3.077298097626344629e-05,3.714267067509582354e-01,4.389256744639684071e-01,8.169334787193212044e-01,1.383281232351126978e-05,-2.621939285013555332e-02,2.646829616010356462e-02,-3.184957397189359073e-03,9.969041621268230971e-03,-1.764076186688040950e-03,4.359029382512502951e-03,-4.142110284007337676e-03,4.981041318648983356e-03,-2.555916094264050215e-03,4.575178237127943207e-03,-1.452076851510899829e-03,1.514676738857511805e-03,-2.752804118553894321e-03,1.094482956182794972e-03,-1.118134019835226138e-03,-3.119737051720232620e-04,-1.520320953274496368e-03,5.827697412689028305e-04,7.366707041078466049e-04,-5.829645376419827435e-04,1.000000000000000000e+00,0.000000000000000000e+00,0.000000000000000000e+00,0.000000000000000000e+00
1.000000000000000000e+00,5.148179091920823680e-02,2.201537266096089199e-02,9.039976030355318813e-05,5.597163146092970651e-06,4.111361721494057875e-01,5.214449331449079184e-01,7.327828929495308063e-01,2.051120404407330485e-05,-1.269240735131763054e-01,5.211060991693278882e-02,-7.307321413386029703e-03,7.060669727969140150e-03,2.373004288548133910e-03,-1.337566904378188325e-03,-8.542997291579323711e-04,-9.513366898357999198e-04,-1.451041959030988007e-03,-1.526463966592219064e-03,-1.953347094921143671e-03,-1.443716321112674264e-03,-1.301634499167990877e-03,-1.550576833266778835e-03,-1.231085284518867486e-03,-7.764600333502191549e-04,-1.062188992979806170e-03,-7.524122909691324064e-05,8.911472879467233340e-04,6.161454181739164102e-04,0.000000000000000000e+00,1.000000000000000000e+00,0.000000000000000000e+00,0.000000000000000000e+00
1.000000000000000000e+00,2.968464945916966802e-02,1.425652969702247835e-02,7.412607207910723779e-05,2.046510572053370820e-05,3.826358664092599504e-01,4.192874683718350037e-01,8.219702219514504193e-01,1.840972002078781041e-05,-2.268519947734787268e-02,2.182244393599015730e-02,-1.025654553161879558e-03,6.640529851386087548e-03,-2.433815923110256834e-03,8.307591551772011999e-04,-2.817436045434822556e-03,1.660026394276819953e-03,-1.601585947702313748e-03,-2.624771327805419880e-04,-2.453267135489839695e-03,-9.776811049764585083e-04,-4.195432898281563523e-04,-3.585746402427864802e-04,-1.615371904563974066e-03,-5.891025177967700727e-04,-1.068141084071797366e-03,-5.744387782832130820e-04,-5.149266306278322582e-04,-6.594420853289757571e-04,0.000000000000000000e+00,0.000000000000000000e+00,1.000000000000000000e+00,0.000000000000000000e+00
1.000000000000000000e+00,3.286776081143061301e-02,9.667046928906939535e-03,9.217390183335343761e-05,1.946427881610580834e-05,3.691917279802472418e-01,5.026051649919547337e-01,7.784020235699249390e-01,1.452596541863721362e-05,-5.564461877655758199e-02,2.879602770573672088e-02,-2.540013111450683246e-04,6.860683040937452445e-03,2.418866877758860372e-03,3.897955376330566792e-03,1.158051594544334990e-03,1.496194762406393179e-03,2.289534895951201166e-04,1.428927710336279789e-03,-2.847608738013849314e-04,8.637409005109846763e-04,-5.076063393513369259e-04,-2.188055316198088060e-04,-4.472010713212519538e-04,-4.587600539389826554e-07,-6.758958257017585189e-04,5.646045965784765239e-04,-3.482312420907625913e-04,6.621787056071811112e-04,0.000000000000000000e+00,1.000000000000000000e+00,0.000000000000000000e+00,0.000000000000000000e+00
1.000000000000000000e+00,1.753888606799967886e-02,8.280793494720573369e-03,5.858649241170903459e-05,2.167601157034119917e-05,4.207054713088526077e-01,3.703667834537912595e-01,8.278424361540135390e-01,1.904366797925331482e-05,-7.251469734930404698e-03,7.624398588328370509e-03,-8.579455358147191311e-04,4.292400996354209242e-03,6.317188350137828076e-04,2.219161281688831859e-03,5.590227701477650619e-04,2.554664498509272709e-04,-5.257176798202082733e-05,3.391717988807771596e-04,-7.330096786665340645e-05,1.301213496074688392e-04,6.727540675499028085e-05,-2.245983928093284401e-05,-2.462426649465978157e-04,-3.437529000615433743e-04,1.105870758445621474e-04,-4.663619457278249262e-05,7.604649727417253332e-05,3.781703252512288831e-04,0.000000000000000000e+00,0.000000000000000000e+00,0.000000000000000000e+00,1.000000000000000000e+00
1.000000000000000000e+00,2.171088871196869691e-02,1.058664287669330677e-02,6.843403789376798700e-05,1.810004514756026730e-05,3.374504558621534422e-01,4.166681469353512579e-01,8.428490056682446108e-01,1.030891122203644014e-05,-3.222543934514561503e-02,1.599938120397754668e-02,2.491228490001194413e-03,1.191876481018343432e-02,4.752015477681626084e-04,6.780838024855002574e-03,-1.484052952618064971e-03,4.257144284123776622e-03,-2.431750222768301085e-03,8.532827599718929455e-04,-2.943445053226831191e-03,1.025441368941924520e-03,-9.086045233674077109e-04,3.405094249194040270e-05,-2.555044310292850247e-03,1.210914992944888422e-03,-7.838283589773234299e-04,-5.270187630258585084e-04,-8.497983241213992326e-04,9.528551706216123896e-04,1.000000000000000000e+00,0.000000000000000000e+00,0.000000000000000000e+00,0.000000000000000000e+00
1.000000000000000000e+00,2.830547972372699297e-02,1.385706206157482842e-02,8.768414366676493621e-05,3.857090413012116535e-05,3.932409348708190144e-01,4.491665485566873062e-01,7.999402605819632139e-01,1.692764199766201821e-05,-3.739005815205780070e-02,3.196242295416325263e-02,-4.923412019696474760e-03,1.331050660093812364e-02,2.162416117777016342e-03,4.507980812406031310e-03,-2.032288108734824246e-03,4.480127984680123444e-03,-3.903759559791158008e-03,3.403292128348216639e-03,-2.759464610299509815e-03,2.386279324025669408e-03,-4.849038824246449807e-04,4.696580374153339283e-04,-6.714921322230755748e-04,8.515178715933003403e-04,-8.860241654484178912e-04,5.307538939740397794e-04,5.277880205937223205e-04,-2.458130516556355179e-05,0.000000000000000000e+00,0.000000000000000000e+00,1.000000000000000000e+00,0.000000000000000000e+00
1.000000000000000000e+00,3.001760689984074235e-02,1.515991249145698383e-02,6.804801804648395410e-05,2.268759033935461802e-05,3.775871946426314629e-01,3.968863182542929358e-01,8.354615009399318781e-01,1.783917404216962924e-05,-1.639151359343124503e-02,1.902377909491569791e-02,-2.065039765104960574e-03,7.244393910000204544e-03,-3.393637624228640695e-03,4.153775641956423091e-03,-3.474263147227398246e-03,3.550750810034647518e-03,-3.012173293082518691e-03,2.890357706716682219e-03,-1.777702065983664858e-03,1.636924048145013254e-03,-1.751872392314298039e-03,1.360780728302139536e-03,-2.630089334314641893e-03,5.712190976497246581e-04,-1.824087403853280956e-03,1.314981457246442971e-03,-9.674979406793137371e-04,3.893402169466629007e-04,0.000000000000000000e+00,0.000000000000000000e+00,1.000000000000000000e+00,0.000000000000000000e+00
1.000000000000000000e+00,6.397677461768548623e-02,2.859660274974640259e-02,1.077120994199220306e-04,1.518369880901902289e-05,4.309011193224417391e-01,6.893545495187088923e-01,5.269498787306311494e-01,2.470320462495567245e-05,-2.192690068798859027e-01,8.985381024768746006e-02,1.460733339018978859e-02,-1.338511099612442337e-03,-1.856707190674287749e-03,-2.527286272711654156e-03,-4.622200567000263501e-03,-5.563769028127083655e-03,-3.997924148147930477e-03,-4.140409139040903200e-03,-3.814782605210253509e-03,-1.414387577656524200e-03,-4.787433387178076068e-04,-2.190076649179968898e-03,-4.378306697825848533e-03,-4.366637896146052800e-03,-2.148098775511292531e-03,-2.183112557526795095e-04,4.464443179735532596e-05,-1.362348778374967008e-04,0.000000000000000000e+00,1.000000000000000000e+00,0.000000000000000000e+00,0.000000000000000000e+00
1.000000000000000000e+00,3.640332952760886448e-02,1.611674179708789609e-02,8.764948493183123625e-05,1.331988089454964358e-05,4.385858895118916467e-01,4.490197380734477495e-01,7.715895134617273277e-01,2.708210497970781782e-05,-8.183488330885932416e-02,4.405674039243065443e-02,-1.591860641346905247e-02,1.560174605811503719e-03,-6.280107504069686215e-03,-5.309260733635422919e-03,-4.980148173129261141e-03,-6.293756314861579694e-03,-4.660067459606748869e-03,-3.016610124572145432e-03,-2.602038062707407937e-03,-3.648323760992564727e-03,-2.131917775296632116e-03,-1.425981353029617468e-03,-6.358582725074726381e-04,-7.361905633968351091e-04,2.989261881978753921e-04,9.364034279088581268e-04,4.270803344154980980e-04,1.721147837946107161e-03,0.000000000000000000e+00,1.000000000000000000e+00,0.000000000000000000e+00,0.000000000000000000e+00
1.000000000000000000e+00,2.596253150573530483e-02,1.275025220722478259e-02,8.666593855344160080e-05,4.758866609004676573e-05,4.645557310388155337e-01,4.360949981582485369e-01,7.686660088513002087e-01,3.154418050837020878e-05,-2.880791878322767549e-02,3.455416700414054576e-02,-1.228674961541625921e-02,8.483441166611160184e-03,1.169750837724614937e-03,-1.375065660246150906e-03,-4.372775402533153263e-03,3.984426016007796764e-03,-2.144318194808376554e-03,-3.309043330202898129e-04,8.112700296528010512e-04,4.736878767950212024e-03,-1.105080003531490893e-03,4.833629345790356729e-04,1.624129507895507858e-04,1.250679766366011216e-03,-2.708504034707905420e-03,-9.070282183583279912e-04,-8.409108565751975423e-04,5.184979795270411090e-04,0.000000000000000000e+00,1.000000000000000000e+00,0.000000000000000000e+00,0.000000000000000000e+00
1.000000000000000000e+00,1.711872698648786439e-02,8.055920235806087598e-03,6.177359203902898685e-05,1.583689509217368530e-05,3.945402187031751828e-01,4.509441360178564895e-01,7.989286918293494466e-01,1.622022506506447267e-05,-4.191399625851578714e-02,2.258018381368601460e-02,-9.393304739814399736e-04,7.981998285106411267e-03,-1.831067895314318964e-04,-2.031129966733649899e-04,-7.313887315129570044e-04,-1.102356088013119458e-05,-1.971539596854816889e-03,-1.094755794593815865e-03,-9.005914531729788085e-04,-7.529205879687483633e-04,-2.854115669470981640e-04,-1.508183803131825981e-03,-3.423130480940509454e-04,-5.273822336277190180e-04,-1.071300575900998404e-03,6.472461318285503576e-05,2.267742717233456004e-04,-3.521878892713488948e-04,0.000000000000000000e+00,0.000000000000000000e+00,1.000000000000000000e+00,0.000000000000000000e+00
1.000000000000000000e+00,3.675058260645969882e-02,1.702426988550666265e-02,8.184962533064174181e-05,1.162621253003952689e-05,4.090685809118900784e-01,4.378237127416295116e-01,7.930075986278866118e-01,2.197264580365944621e-05,-9.235707792299724384e-02,4.141051370205774129e-02,-8.873874529018169893e-03,1.004135299888453056e-02,-1.094934188468002370e-04,1.564958554549649881e-03,-1.889827262912375421e-03,9.759627683717338924e-04,-2.006228778382692160e-03,-2.080568033306538984e-04,-3.955414528086956087e-03,-2.545549763729164361e-03,-2.886861542527084136e-03,-1.284033394766549924e-03,7.591699915911763517e-05,3.064030447201060501e-04,5.692292055530062374e-04,1.110539138202288386e-03,7.633802124959033868e-04,-1.472090177979202674e-03,0.000000000000000000e+00,1.000000000000000000e+00,0.000000000000000000e+00,0.000000000000000000e+00
1.000000000000000000e+00,1.178112475211676863e-02,5.785734408876284235e-03,4.598995079973076673e-05,2.325930945139338910e-05,3.856304802740094240e-01,3.702755841663319947e-01,8.449336958152612320e-01,1.612330701033873957e-05,-5.084464444679561747e-03,7.730450407132674617e-03,9.019914830922657256e-04,1.493236780803930625e-03,7.834650779489636977e-04,1.141361677605168832e-03,3.810374737770041509e-04,1.707349426018135849e-03,2.069632506976077168e-05,9.948825046078217747e-04,-3.309521645128808286e-04,-8.885905659373964215e-04,-3.995916694831549792e-04,-2.369378635749082502e-04,6.416211652124963953e-05,-3.921561878917496349e-04,-6.829700589185336550e-04,-1.128301631079387489e-03,-1.314008402321014150e-03,-7.352952591085619308e-04,0.000000000000000000e+00,0.000000000000000000e+00,0.000000000000000000e+00,1.000000000000000000e+00
1.000000000000000000e+00,5.539541419338630396e-02,2.709761104512881796e-02,8.425833344897499372e-05,1.334412759967394485e-05,4.385700625879258019e-01,4.499626823250338359e-01,7.660288251466648157e-01,2.804025904614199211e-05,-1.095329938296145389e-01,4.927606605714904275e-02,-1.069140491450471832e-02,3.743940336646593269e-03,-1.899008822133939692e-03,-1.461163582079569572e-03,-3.064451118081902049e-03,-1.917403544038264775e-03,-2.749647255944779722e-03,8.003298927188995772e-04,-1.533031780911980283e-03,-1.131352589483276448e-04,3.307926706439909162e-04,3.918366865811480620e-04,-1.638717429589159910e-04,-4.518523819356141946e-04,5.201552225669064835e-05,5.161925048289176627e-04,1.270644723252117077e-03,1.049914431247170451e-03,0.000000000000000000e+00,1.000000000000000000e+00,0.000000000000000000e+00,0.000000000000000000e+00
1.000000000000000000e+00,1.797814617290155112e-02,8.279459486187043180e-03,8.229171205699454617e-05,3.299127298611517490e-05,3.886922762846260482e-01,4.512970342187416772e-01,8.015097393010276461e-01,1.686702815111142611e-05,-3.555734896587035843e-02,3.035236908507979101e-02,-4.363070710256950618e-03,1.198778032369646890e-02,-4.265950652953191368e-05,5.549983738928745969e-03,-1.747017109759400151e-03,4.076825991152079748e-03,-2.368951696400513861e-03,3.759864402766051762e-03,-1.855673115164614131e-03,2.658515195176282004e-03,-8.391588915706684262e-04,1.320058571738390394e-03,-1.202471689365268524e-03,1.246007436269304467e-03,-1.960791542801195841e-03,6.425254072449820050e-04,-4.500234337213054772e-04,-8.314812030501506036e-04,0.000000000000000000e+00,0.000000000000000000e+00,1.000000000000000000e+00,0.000000000000000000e+00
1.000000000000000000e+00,2.923471271072496103e-02,1.393861604121083599e-02,8.792938432807367020e-05,2.227232833815034863e-05,3.891300092218714091e-01,4.428404135509796946e-01,8.049294670934041829e-01,1.611807352340078432e-05,-4.823038278380238630e-02,3.125326686306978408e-02,-5.208467160843391168e-03,1.153708445941893125e-02,-6.697325747749285300e-04,3.194321388256717541e-03,-1.645108694365083604e-03,2.672288001185583843e-03,-2.712103840079569707e-03,1.524443774208768167e-03,-2.349126980424486380e-03,1.287908333813943002e-03,-9.099086295091063717e-04,8.143291161347593907e-05,-1.996267575844937626e-03,9.850158855908910395e-05,-1.625124242913006476e-03,2.946602227416894332e-04,1.790150660291014908e-04,-1.296391520552630551e-03,0.000000000000000000e+00,0.000000000000000000e+00,1.000000000000000000e+00,0.000000000000000000e+00
1.000000000000000000e+00,2.836630736709555220e-02,1.366728569015977952e-02,6.549178484288786437e-05,2.221209959847923084e-05,3.742028851919880772e-01,3.880942581396339408e-01,8.411669479800845117e-01,1.608079757401255656e-05,-1.815609642105610322e-02,1.493551296992381809e-02,-4.161913931357425476e-04,1.219406300332169339e-02,-1.934382095119402487e-03,6.457326718585230593e-03,-2.168952017754889605e-03,3.381463273947369914e-03,-2.826269760364994669e-03,2.112453994958045887e-03,-3.529383859661237247e-03,9.801592901202838947e-04,-1.322859162811336692e-03,6.981624502849086448e-04,-2.714611472247140285e-03,1.077328334483694224e-03,-9.379287568685937141e-04,-5.995268533654610514e-04,-7.997640526175124609e-04,3.053759744051326810e-04,1.000000000000000000e+00,0.000000000000000000e+00,0.000000000000000000e+00,0.000000000000000000e+00
1.000000000000000000e+00,3.473756861410609575e-02,1.622619924597108396e-02,7.885990436833217334e-05,3.580082935563185545e-05,3.910685628860749441e-01,4.281677827945811754e-01,8.128095892990319093e-01,1.880262281344496233e-05,-2.199942621877832433e-02,3.015032428723544294e-02,-6.017415273479439532e-03,8.225180395499132047e-03,-5.213731829183378304e-03,3.313229930096096496e-03,-2.706203948579746343e-03,2.697957959765590313e-03,-4.850137943949540953e-03,2.636658091096299832e-03,-2.954338588562531107e-03,1.641402954563935847e-03,-3.186555708518272901e-03,6.748618208632785158e-04,-1.148908728224583417e-03,3.504825240495390570e-04,-1.003557540825343033e-03,5.810317177700051895e-04,-1.227220180945187223e-03,-1.363947320319158470e-03,0.000000000000000000e+00,0.000000000000000000e+00,1.000000000000000000e+00,0.000000000000000000e+00
1.000000000000000000e+00,4.787332566389752853e-02,1.065299098673577576e-02,1.046084416826513215e-04,9.367096537833367870e-06,4.267163939309512322e-01,4.904756697774584895e-01,7.379211215491292553e-01,2.469288793383214687e-05,-1.573166484841438950e-01,7.328703701315809893e-02,-1.163251351771723251e-02,2.570687409057515176e-03,-5.221932950268216774e-05,-4.548537695505202108e-03,-5.076850690760368982e-03,-4.343059438603706114e-03,-4.840280370469086588e-03,-4.476111686655162049e-03,-3.566661160873822994e-03,-4.175117975939020461e-03,-2.152366201458253900e-03,-2.166556716933318739e-03,-1.294739750914772466e-03,-7.322689058544710810e-04,-7.879336536668151130e-04,-9.619559051191280998e-04,-5.425810136846272039e-04,-1.879900315926172967e-04,0.000000000000000000e+00,1.000000000000000000e+00,0.000000000000000000e+00,0.000000000000000000e+00
