# x0,tempo, beats, chroma_stft, rmse,spectral_centroid, spectral_bandwidth, rolloff,zero_crossing_rate, mfcc1, mfcc2, mfcc3, mfcc4, mfcc5, mfcc6, mfcc7, mfcc8, mfcc9, mfcc10, mfcc11, mfcc12, mfcc13, mfcc14, mfcc15, mfcc16, mfcc17, mfcc18, mfcc19, mfcc20, y
3.521241021975880033e-04,5.686769863371691353e-02,2.781780407360945340e-02,8.418543263899054530e-05,6.579425082121250425e-06,4.077209268000749343e-01,4.650747161166871591e-01,7.683272106580908423e-01,2.488421762908053929e-05,-1.428475275665823385e-01,5.130705590758892487e-02,-2.932526566875869891e-04,8.124913133827613154e-03,3.247038874879372775e-03,-9.328928099600424483e-04,-2.023821604936621929e-03,-7.341927849742590356e-04,-2.261878714812719205e-04,2.381217570246595312e-03,9.874721914633840820e-04,8.594175242903311085e-04,1.788882792167085503e-03,8.406605041150561411e-04,6.578380091066714707e-04,8.800622074603746490e-04,5.351457139495551830e-04,-7.971197967871613112e-04,-5.079005807217788640e-04,9.202622435598146024e-04,1.000000000000000000e+00
1.090280927576479713e-04,2.347724067681775106e-02,1.188406211058362812e-02,5.186744966193462337e-05,2.675450743657965821e-05,3.864018781636355815e-01,3.610241080189049434e-01,8.482888547816693769e-01,1.557130958743283854e-05,-4.172096432198480268e-03,5.211401141359158808e-03,2.186078246743350731e-03,2.599885181291805483e-03,2.158346663057044389e-03,1.489889981885401862e-03,1.601170355973158786e-03,4.985536512259163954e-04,8.409298352067342023e-04,9.764836038298722746e-04,5.912746129480100877e-04,1.253017562233066026e-04,1.182365257732427035e-04,4.787305856019693877e-04,5.001096925000080668e-04,2.776381458641310226e-04,-2.736072091942626659e-05,5.042516172448770033e-04,3.284955508606501092e-04,-1.424692317941395406e-04,0.000000000000000000e+00
1.433676728757118663e-04,1.424845486888272339e-02,6.881648298034170018e-03,4.874061958534036738e-05,2.400773445175746033e-05,4.215031672472118740e-01,3.769773960792295875e-01,8.244499332255449398e-01,2.089644343141917887e-05,-1.257237528349790766e-02,9.220388331405718341e-03,-1.859943541705604822e-03,2.298728046535251663e-03,6.937075642220607598e-05,5.787865015934397548e-05,6.350899217945162913e-04,-3.904991065585629068e-04,-4.431076221470162081e-05,-6.628088304555851862e-06,-8.494540426597585675e-04,-6.119137172874610430e-04,-5.034286361978297609e-04,-6.643872512851374534e-04,-5.870196074907095768e-04,-4.754227013537095682e-04,3.094987983722403041e-05,3.878787047631287988e-04,3.568997282323490292e-04,3.118149944285688886e-05,0.000000000000000000e+00
1.655109342922335370e-04,1.527420243224225475e-02,6.951459240273807905e-03,6.200516471199015453e-05,1.555516760997157589e-05,3.517550434907209533e-01,4.425434581178060989e-01,8.240477530390766248e-01,1.120432192519914787e-05,-2.799157684024411799e-02,1.566533101472628378e-02,4.056382945202071863e-03,4.538459511255187387e-03,1.927266109785215169e-03,2.467592425748436728e-03,7.017450789128891735e-04,2.045686029786854959e-03,1.770450132528171181e-03,8.490525887486980025e-04,-5.506131010102509939e-05,2.076388516811372156e-04,-6.872843611631431491e-04,-5.177482501421552027e-04,4.883106124778907435e-05,-5.878276378365308473e-04,-4.644846328816617164e-04,-9.528200551632745033e-04,-8.630763630012156223e-04,-1.589783658761554172e-05,0.000000000000000000e+00
1.105181080544523364e-04,1.427885321836332502e-02,6.741604591321593253e-03,4.314444594650336312e-05,3.024562433741347344e-05,3.866296615429704042e-01,3.642120932705771308e-01,8.470756527805068936e-01,1.503291964093729170e-05,-5.158232234499821045e-03,6.175292438041134375e-03,2.886529043295494885e-03,1.828481997195840732e-03,7.853232431643489969e-04,-3.681118514237970932e-04,1.022594294765878957e-03,-9.628107074160237690e-05,9.189483772608936923e-04,7.903654259020834703e-04,-5.890022558899290882e-05,1.945319069404420295e-04,-2.017026384721503404e-04,5.756591666246296335e-04,-3.434439706863885527e-04,-9.589674165444970512e-05,-4.271248200065686949e-04,-2.594914251322506782e-04,-2.494285517577645838e-05,2.450134528450290876e-04,0.000000000000000000e+00
2.201278484609319125e-04,2.844034604627079452e-02,8.144730393054480655e-03,7.633979249316098141e-05,2.534227278167905262e-05,4.135419881727863123e-01,4.325318526951409948e-01,7.999415985683574482e-01,2.456914753575451928e-05,-1.876445981830950765e-02,2.606949841422908851e-02,-6.928443922647465648e-03,4.465100017306903799e-03,-9.732094925999967621e-04,1.523938864515590264e-03,-2.411382380328280697e-03,-3.575686770122029202e-04,-1.622395396070332348e-03,-6.637112508222690844e-04,-9.759096474294828112e-04,-3.089877374984215867e-04,-9.349637754903377708e-04,-9.176983204718761359e-04,-8.765538247739574317e-04,6.062254866849295300e-05,-7.469774378780688878e-04,3.729959172011557264e-04,-8.112871083252302419e-04,-7.572094686872743279e-04,1.000000000000000000e+00
3.056117638901192490e-04,3.589527375946624521e-02,1.741987054173679828e-02,8.539423474172370184e-05,6.335793520887925760e-06,3.926872100998751725e-01,5.072001944567391396e-01,7.568684242410570473e-01,1.948268988860119984e-05,-1.102713771978906937e-01,4.247982181842225452e-02,-3.954391781311263759e-03,1.033143826711144589e-02,2.318396509920017581e-03,-5.244650328363164573e-04,3.168171774356412659e-04,1.246243377888740225e-03,1.202126320070089549e-03,2.847424780607530855e-04,1.540925670998931558e-04,1.431669021728119301e-03,1.021717282229299070e-03,-6.880101240987848178e-04,-5.662581702315406000e-04,6.769390376285955432e-04,5.454521052131514319e-04,-4.644303125483715666e-04,-9.943142350087256359e-04,1.222126049674379872e-03,1.000000000000000000e+00
5.783072617408685804e-04,3.932465600756420571e-02,1.387937428178084680e-02,1.302417231339293528e-04,3.835888089831651969e-06,4.135991775518392255e-01,5.956515901519339184e-01,5.998696760467591149e-01,2.388027371701173494e-05,-3.192626567579981423e-01,1.002777292556456951e-01,1.524173120809334779e-02,8.162583763932858977e-03,4.194205226157346651e-03,-4.098842576610560624e-03,-3.386573383190512668e-03,-5.979797180841012541e-03,-6.372146676548290020e-03,-5.316748253726458727e-03,-5.104149352769399295e-03,-2.850596260303271071e-03,-2.111093199561936504e-03,-2.475650086060487108e-03,-1.999495374609159670e-03,-2.787796951742096963e-03,-3.286247797373000046e-03,-3.788238050174733487e-03,-4.748461154775385912e-03,-3.732303256968305324e-03,1.000000000000000000e+00
5.094168817773963827e-04,5.983296649427338049e-02,2.343317656176023556e-02,1.246369005206699322e-04,2.134328143534736647e-05,4.344879229203428839e-01,5.079609665582501821e-01,7.138373148174016469e-01,2.587479421666395883e-05,-1.726035423748748243e-01,9.689011122859837732e-02,-8.318560967698840347e-03,1.880603610398447504e-03,-2.236232412315956224e-04,-4.529610681091913657e-03,-5.290841582299923677e-03,-8.339388310163854331e-03,-6.768870284289978459e-03,-5.495804986446590178e-03,-4.403929520350527427e-03,-4.220330456893050738e-03,-2.353060313632071836e-03,-1.934548073803692017e-03,-2.315875658006774293e-03,-1.863054032364315493e-03,-4.807386393017766958e-04,2.762519374413075044e-04,-1.338979665087421079e-04,-7.948697190041766406e-04,1.000000000000000000e+00
4.136196889770297233e-04,6.286981255935318591e-02,3.060785698430019963e-02,1.320534055223165774e-04,1.679204947757047936e-05,4.203531735600856689e-01,4.764409290731391744e-01,7.543102187459721497e-01,2.529489512202345492e-05,-1.322654670858023629e-01,6.866484701937890234e-02,-4.935759990726565523e-03,1.127284762571520611e-02,3.238183875693276086e-03,7.158150505333250998e-04,-3.249768810940917383e-03,-9.946564909550348853e-04,-1.202519536856407186e-03,-1.043030870619794052e-03,-4.701814385421354894e-03,-1.906135300101903388e-03,-1.858236275941319579e-03,-3.082380402977456541e-03,-2.309025666303831260e-03,-7.733411069727030287e-04,-5.294534708237885268e-04,-5.901328794977066987e-04,-2.014430840702702383e-04,-1.694434985339128303e-03,1.000000000000000000e+00
1.249126928181454094e-04,1.291089785925049818e-02,6.370547333725416067e-03,5.641902589862285580e-05,3.010210651478196036e-05,4.042690885352536179e-01,3.689416625355412260e-01,8.367621687420493393e-01,2.058870687330875427e-05,6.022194045258436783e-04,8.056271020738879629e-03,-3.129830436089867237e-04,1.301770584321487300e-03,4.054130962662397470e-04,9.774305395173260493e-04,3.876930312299111704e-04,1.755236460968593020e-04,8.425718641575770601e-04,6.103270879581364607e-04,4.092106269798350413e-04,2.190158778920611596e-04,4.167252431115588303e-04,2.938330278780170238e-04,1.784808275928032734e-04,-7.556287322139566994e-05,-2.730205368892208101e-04,-2.001592879149242075e-04,-7.646479080450679022e-05,-5.059121263114037910e-04,0.000000000000000000e+00
1.049620644063897290e-04,1.179218845190672590e-02,5.877875606757824826e-03,4.696639900896279653e-05,2.010205049037395484e-05,4.082630665325598374e-01,3.433954036892878925e-01,8.456777379601780886e-01,2.005219489205447412e-05,-5.512390813481807782e-03,3.934913078008145902e-03,1.481673829556244852e-03,1.908251407621235291e-03,1.761389861391988044e-03,6.257040970605228522e-04,6.763001400831218732e-04,2.855142674993977996e-04,-4.579121004356809878e-05,3.382828804673635933e-04,-4.124114987105481243e-04,1.681288968661091030e-04,3.121603701734830050e-05,-1.696624304383639574e-05,-5.350877505160871796e-05,-1.622692936397982552e-04,2.177782693492346896e-04,1.281188333579149382e-04,4.808324441873924274e-04,1.718556765050165299e-04,0.000000000000000000e+00
1.265893329552231835e-04,1.308419433591877061e-02,6.582645313671605866e-03,5.755987332358483135e-05,2.828244466305050557e-05,3.954874002189004423e-01,3.760108948138962126e-01,8.377852926578871484e-01,1.806695381882663805e-05,-5.412602720605606300e-03,7.949743543578413618e-03,6.025725009407930819e-04,3.046712991111096003e-03,1.220689187892223544e-03,-2.390125627388679092e-04,1.171947943357287475e-03,-3.758659050614467610e-04,4.028330216594426419e-04,7.511936468235258816e-04,-6.043093354646102231e-04,3.823220675764710469e-04,-1.572645264051201542e-04,-4.461094905927874576e-04,-4.116245491893886691e-05,-1.827055669119237024e-04,-2.360406023894768386e-04,-3.963089846876835825e-06,-9.236347448937657831e-05,-1.250209762068400473e-04,0.000000000000000000e+00
1.546393277536212618e-04,1.816298212163005438e-02,8.350523698695547919e-03,7.434104316104353115e-05,3.627112889357467923e-05,3.972955618754850371e-01,3.957931970969639779e-01,8.275873066592860372e-01,2.035926064426302491e-05,1.499985366625084145e-03,1.373607087351805776e-02,-3.138411570788013014e-03,7.897583288562161265e-04,-4.507563083850103639e-04,-2.913751380284969856e-05,5.076845067147989042e-05,2.485059489443456216e-04,-3.495013891597816024e-04,-1.453135850357631029e-04,-9.601046734240908324e-04,-4.597569533500753909e-04,-2.804727676655093200e-04,-4.994173479416357279e-05,-2.080613059331378985e-04,-2.596332068621457932e-04,-2.839662049055956833e-05,2.658499659052243158e-04,-1.991500404548634945e-05,-6.030565994697577228e-04,0.000000000000000000e+00
1.304335137832597006e-04,2.246921077281934312e-02,1.069554813022729513e-02,5.267612674247683992e-05,2.550175986563584893e-05,3.763095140261020766e-01,3.925815877148758348e-01,8.387411169547762668e-01,1.582209094202016538e-05,-6.848021482508023262e-03,9.655981885795925437e-03,1.664200634666605956e-03,3.194560866355040159e-03,2.752067093387149978e-03,2.491171634456261540e-04,8.864560584212404859e-04,6.167665362099776071e-04,1.096691756650108786e-03,1.075440829460143572e-03,-2.958917755462533061e-04,-1.575357703082757048e-04,-3.510100525650924853e-04,3.406962575593940382e-05,-1.382130298492591995e-04,-1.098912680652605633e-04,-1.629481890348754799e-04,-3.030883674451846535e-04,4.969461808230558105e-04,4.001069472314523404e-05,0.000000000000000000e+00
2.173509748031292462e-04,2.005826867079659598e-02,9.780793866140816487e-03,8.911116487019756676e-05,2.812540398369372914e-05,3.993005278848991146e-01,4.492405289331843354e-01,7.978724912952561699e-01,1.855127816743674951e-05,-2.736210768131715904e-02,2.752211102319062491e-02,-5.040545712989417948e-03,7.874638282142354395e-03,4.556498929582585358e-03,-2.563706968216471096e-04,3.583979181153734098e-03,-7.972565941321712885e-04,1.417670714091816709e-03,2.029478145531938855e-03,-1.392833369788696414e-03,8.440878524077987353e-04,-1.727051038159672968e-03,4.464278625666914129e-04,-5.081532771331943345e-04,-3.224033740037160413e-04,1.033225976902492739e-03,-7.639108854067249571e-04,1.063873132762419016e-03,-6.958426073446369407e-04,0.000000000000000000e+00
2.702984990470571843e-04,4.988907843739630310e-02,2.378626791614103439e-02,9.974240041483156260e-05,3.782969768072081714e-06,3.849087781179846846e-01,4.586799500133114105e-01,7.912467691619643473e-01,1.896276540905432291e-05,-1.042697234857585392e-01,3.477083741263908845e-02,-7.226707458783412051e-03,1.067233132108106122e-02,-5.882901119286310706e-04,4.530204097965665443e-03,-1.549213067591895861e-03,3.979307634575852438e-03,-8.357940493748399922e-04,3.326104720270000627e-03,-1.593144756504287496e-03,7.524514372744459372e-04,9.923998499385998980e-04,2.951336236146072899e-03,2.848039676174923471e-03,2.679930546413126190e-03,1.650874460671597965e-03,9.541810579751439092e-04,-8.973941159478774189e-04,-9.932309376552434909e-04,1.000000000000000000e+00
1.230972382764408050e-04,1.223389770430672978e-02,5.662472960716277356e-03,4.855458330437883432e-05,3.158809312177685366e-05,3.624435635509722364e-01,3.892818487896108626e-01,8.466238337063383135e-01,1.417037897249640308e-05,-5.439033901281961625e-03,9.377031497206259752e-03,2.821516048238669177e-03,2.069804957035772421e-03,2.830926919748716093e-03,4.023835173405322565e-04,8.510235641481713343e-04,1.299948138877577762e-05,7.997345301942401525e-04,8.052400629795631150e-04,1.053604163360431090e-04,3.356107890006493409e-04,5.561397080017609334e-04,3.516014430706799684e-04,1.628235360128773494e-04,2.214667995270688426e-04,4.639415461959256416e-05,-1.383458355753612937e-04,-5.398928909583297376e-05,1.932714534087553245e-04,0.000000000000000000e+00
1.391794616038252762e-04,1.498489808771654060e-02,7.237332003398914797e-03,5.349191873459344804e-05,2.939942448279315803e-05,3.831854800392043292e-01,3.982473111537779276e-01,8.331487354587054917e-01,1.722527411268832287e-05,-2.906257133933957005e-03,1.158512825715288241e-02,7.020465619683072906e-04,2.278615310631829181e-03,1.309465467373403108e-03,-7.800287980042125348e-05,5.640443999039031599e-04,8.639817912194050920e-04,1.269567926693794492e-03,8.163311988423849414e-04,-4.879191565915067040e-04,-8.871760823721354979e-05,-4.415711730551463623e-04,2.150097538629623987e-04,-1.282963607537089079e-04,-4.121742178027755586e-04,-1.849925831217652907e-04,-1.206688182840361427e-04,9.702333792194721548e-05,-2.456375343754871581e-04,0.000000000000000000e+00
2.861004340076708004e-04,6.160658759637832604e-02,2.717954123072872583e-02,8.713978152842291711e-05,4.002096548732312617e-05,4.192750036017962589e-01,4.447461623267898734e-01,7.865449412145200103e-01,2.515365533140180966e-05,-3.412901969351704590e-02,4.279726649966183322e-02,-1.239798306352062410e-02,7.049342801126941803e-03,-1.606489937317432878e-03,3.085990921232982520e-03,-8.295276414733642693e-04,2.252174292685101106e-04,-1.873155728941967163e-03,1.257920501987761733e-03,-3.698706776908969513e-04,3.906502599857583809e-04,-3.093150894502647973e-04,-6.967234071552970030e-04,-5.543439072622427652e-04,3.713791743683603230e-04,-3.951610266723302989e-04,2.989672672771226066e-04,-1.603011011064219742e-03,-5.682648821012956184e-04,1.000000000000000000e+00
3.584553145168576358e-04,4.631214659236353864e-02,2.329959544359574627e-02,1.065839808623087799e-04,2.298527186901450152e-05,4.244399076485249056e-01,4.676421667321160047e-01,7.667999849522380007e-01,2.448034498672638028e-05,-7.931286135786229374e-02,6.213359567579450349e-02,-1.342851635380837814e-02,8.733618006039008119e-03,-3.114410764201117499e-03,1.214476439651742019e-03,-4.603000978007414958e-03,3.882579504907962380e-04,-5.494611178539552006e-03,1.523401929635678624e-04,-3.449207703204284440e-03,8.237653185456250563e-04,-1.606824150117767578e-03,1.305371574216735570e-04,-5.332145223451845292e-04,6.494610938443246126e-04,8.191747437615492979e-05,-3.465225915173671383e-04,-1.747870689387299743e-04,-2.246121794707323181e-03,1.000000000000000000e+00
1.077226405996869942e-04,1.265243727924235395e-02,6.140190514182158020e-03,4.572530442841560891e-05,2.859194763644638235e-05,3.981671323472834589e-01,3.497425706448053506e-01,8.478887539795575412e-01,1.797137426724661739e-05,-9.032137992666735031e-04,4.524151831052753217e-03,8.935933743649801314e-04,1.936527620214895237e-03,1.512984033725111883e-03,7.911716692186607572e-04,6.163146649164299344e-04,-2.049750364498859512e-04,4.959050608329255462e-04,2.235728345215147786e-04,-1.147627689623720998e-04,-7.076098867164274373e-05,-2.617424471991226516e-04,-1.586021133278795619e-04,-4.053578613938228228e-04,-1.786479973198118443e-04,-2.562744823251352009e-04,5.657818310856353691e-06,-1.066153628001099225e-04,-2.802665192827969820e-04,0.000000000000000000e+00
3.206296133385595293e-04,3.452091295954706068e-02,1.699336950694365495e-02,9.175096343904468315e-05,2.555586930625172529e-06,3.751606141362464064e-01,5.115760858083270302e-01,7.567561250546899210e-01,1.586888874942722348e-05,-1.441536624591966687e-01,4.857787998312827066e-02,-4.087362861694417843e-03,1.419447188007908964e-02,1.999791170057564713e-03,1.298474880834193544e-03,-4.752798124253845629e-04,-5.193053888278153932e-04,-7.987135578856607854e-04,-1.375754147822686032e-03,-3.096686736422781232e-03,-4.296419585678901316e-04,4.854484631322930323e-05,1.196916591462709664e-03,1.694851633458966961e-03,3.864924383256879191e-04,-7.386850205851117328e-04,-1.321994656402176050e-03,-5.822106943192467340e-04,3.958265520359886998e-04,1.000000000000000000e+00
2.145236707997398031e-04,3.959470095815510043e-02,2.016522505517554312e-02,6.220730088624260707e-05,6.244561390874885317e-06,4.189751407973348329e-01,4.002687248170008760e-01,8.110340117973248164e-01,2.649205380524357538e-05,-6.167454825553109199e-02,2.182481023497413047e-02,-7.588290741374114148e-03,8.856500035521831793e-03,-2.734587705693952622e-03,3.708789439340933088e-03,-2.998710429216980885e-03,3.499375245683006806e-03,-1.201499131313972469e-03,2.931317365025218075e-03,-1.886014979964278004e-03,-1.178638962092437253e-05,-2.954230322806248709e-03,1.390107957780241854e-03,1.438538893729693173e-03,1.498443205271748077e-03,1.508826387087582911e-03,1.800413408210109218e-03,-1.203005646591928266e-03,2.958047537520562022e-04,1.000000000000000000e+00
2.812612243987198642e-04,4.037636717442560225e-02,1.856324081031551082e-02,7.554158029005480525e-05,1.217061620077632464e-05,4.026050683872297031e-01,4.383141589303511387e-01,7.978418592806685306e-01,2.116174971616586738e-05,-7.432253302803665251e-02,3.885593044081713660e-02,-8.464434080103685684e-03,1.063605945435744035e-02,-2.017704339340366075e-03,1.905912543045256823e-03,-3.318461647917752850e-03,1.325541967052438737e-03,-2.764917460233707030e-03,1.645162390431951669e-03,-2.692820414719532870e-03,7.503672975954575478e-04,-1.347672970754081132e-03,-3.951697427021190544e-04,-5.890571342299098833e-04,8.393419943527315142e-04,9.454532866776096727e-04,1.354163161222473330e-03,4.955153055976078491e-04,-5.137987657276871928e-04,1.000000000000000000e+00
2.712681433254079304e-04,3.689224440990077764e-02,1.573355231287366235e-02,6.698569685587549055e-05,1.128692849166296803e-05,4.228565667113751148e-01,4.282140390281736764e-01,7.926633273487565523e-01,2.501505689150387450e-05,-8.062624909816766550e-02,3.534097338637797597e-02,-8.297791274903648998e-03,7.457262395621368223e-03,-1.915050164103412455e-03,5.399147377068160523e-04,-3.018444456207764609e-03,1.289757485053427211e-03,-2.379761665282544101e-03,1.470197924836765240e-03,-1.457645176758210750e-03,1.212435796113774285e-03,4.697060143649498410e-04,5.121913478633693517e-04,-3.554885136054395864e-04,2.959296900641148506e-04,-2.684202368283238331e-04,-3.973616831239186443e-04,1.725187834438407573e-04,3.146481586525856980e-04,1.000000000000000000e+00
3.931165107520095286e-04,3.078202791932460602e-02,1.572466043008038244e-02,7.334128924130572610e-05,5.132406421707364499e-06,4.243492170918529705e-01,5.458642494869508921e-01,6.937219597404431504e-01,2.332804045223423837e-05,-1.902794178527239255e-01,5.667822071794687694e-02,5.500914178956827416e-04,3.185525871682486423e-03,1.938846297050032721e-03,-9.130367081616630898e-04,-1.080058659915393224e-03,-2.687749468393482982e-03,-3.986460611107735426e-03,-3.167550636506664529e-03,-2.811830367520844892e-03,-4.153593742988328542e-03,-3.062142377677336789e-03,-1.162514709161817069e-03,-1.027716563596595850e-04,1.690901223709287719e-03,2.082185858326193392e-03,7.303981677934794916e-05,-1.780864129046708056e-03,-7.360752949034627497e-04,1.000000000000000000e+00
1.105181080544523364e-04,1.427885321836332502e-02,6.741604591321593253e-03,4.314444594650336312e-05,3.024562433741347344e-05,3.866296615429704042e-01,3.642120932705771308e-01,8.470756527805068936e-01,1.503291964093729170e-05,-5.158232234499821045e-03,6.175292438041134375e-03,2.886529043295494885e-03,1.828481997195840732e-03,7.853232431643489969e-04,-3.681118514237970932e-04,1.022594294765878957e-03,-9.628107074160237690e-05,9.189483772608936923e-04,7.903654259020834703e-04,-5.890022558899290882e-05,1.945319069404420295e-04,-2.017026384721503404e-04,5.756591666246296335e-04,-3.434439706863885527e-04,-9.589674165444970512e-05,-4.271248200065686949e-04,-2.594914251322506782e-04,-2.494285517577645838e-05,2.450134528450290876e-04,0.000000000000000000e+00
3.082692344470482678e-04,4.685664030025789295e-02,2.342846181797566749e-02,8.683014499447051174e-05,1.485513768903103201e-05,4.075400712879977405e-01,4.902200107777785476e-01,7.625430118863847362e-01,2.346734870987302347e-05,-8.459735738179249842e-02,4.573929294021486514e-02,-6.266215971276584661e-03,6.721220397096791185e-03,2.450933991528687905e-03,1.167182732998544139e-03,-6.872985618997483337e-04,-1.879701069681378621e-03,-1.735700681113896363e-03,-2.064170063191052805e-03,-1.823510832299291310e-03,-1.415685729926803972e-03,-4.749227324830884158e-04,-9.336663347791073105e-04,-1.447985196822535641e-03,-2.378298586197123872e-03,-2.223397231438985384e-03,-1.667968214623483190e-03,-1.617484099089388800e-03,-1.624625163070545766e-03,1.000000000000000000e+00
1.074487006615978924e-04,9.573991849090383519e-03,4.620294128448709618e-03,4.186794413345191763e-05,1.997671513304437207e-05,3.676885521357879383e-01,3.663807602158471455e-01,8.545701651263672982e-01,1.362092871578168561e-05,-1.015706946949734846e-02,5.979570202996898828e-03,3.145086777869592586e-03,2.907969662448353816e-03,2.156766712937301708e-03,1.257965109687654408e-04,1.391461410884540671e-03,-8.550374062550109748e-05,9.541493339116819978e-04,-7.263186171817242055e-05,-5.738470477402301140e-04,2.382658858527205066e-04,-4.962776379262718576e-04,-1.062423846703532322e-04,-1.603868071267874082e-04,3.365184192101420288e-04,2.712298856329716369e-04,4.415476765619384507e-04,9.859720372362018592e-04,5.085665857581270167e-04,0.000000000000000000e+00
3.059172728717771540e-04,4.160449753385703220e-02,2.049645728240907100e-02,8.160655812665458422e-05,1.390978353643663510e-05,4.194993288727153491e-01,4.407629896407607162e-01,7.862077358110646230e-01,2.434085547633105777e-05,-8.510981697366988563e-02,4.524141699731253768e-02,-9.660277019662093234e-03,6.230196718577021148e-03,-2.932216867456397154e-03,-1.909897657113282000e-03,-4.162884926997554615e-03,-2.032372188147968405e-04,-2.225116382170125480e-03,3.133014569075759435e-04,-3.595930169599600209e-03,-2.951959036879911328e-04,-6.797310797767324624e-04,-1.756589716840771716e-04,5.736326205575575151e-04,1.575385728885127712e-03,8.046995010940928431e-04,2.514448083453923316e-04,-5.038664794769217659e-04,-3.182902975554224438e-05,1.000000000000000000e+00
2.814148228799894218e-04,2.796813481597250697e-02,1.378932632111948275e-02,7.819539347533971895e-05,1.234540257000544918e-05,4.193178821837379444e-01,4.502522072380925056e-01,7.837167817044199403e-01,2.534132601317744257e-05,-6.620447372203856762e-02,3.971556596001098172e-02,-9.755766353419797685e-03,8.718015999823242393e-03,-4.608993530829078207e-03,6.504054969385711892e-03,-3.104412159128923550e-03,2.149858964575517267e-03,-5.349201176695434802e-03,1.191974404503869794e-03,-3.326580923745848465e-03,2.507345079500419502e-03,-4.035126485830574546e-04,1.204743960387958703e-03,4.170963486655630478e-04,8.971429972600133626e-04,-3.685177717076928202e-04,8.244943385459310324e-04,-4.674308083672534136e-04,-8.151646775753526543e-04,1.000000000000000000e+00
2.712819518734978360e-04,2.596253055039334651e-02,1.275025173805439775e-02,8.666593536439944436e-05,4.758866433892902805e-05,4.645557139445818384e-01,4.360949821112829472e-01,7.686659805667359624e-01,3.154417934764060173e-05,-2.880791772318414684e-02,3.455416573265260999e-02,-1.228674916330135466e-02,8.483440854446404333e-03,1.169750794681352624e-03,-1.375065609647929546e-03,-4.372775241628358567e-03,3.984425869393073798e-03,-2.144318115904008705e-03,-3.309043208440198380e-04,8.112699998005387875e-04,4.736878593647523422e-03,-1.105079962867918124e-03,4.833629167927542191e-04,1.624129448132496532e-04,1.250679720344811128e-03,-2.708503935043219627e-03,-9.070281849824564802e-04,-8.409108256322432888e-04,5.184979604478971368e-04,1.000000000000000000e+00
1.159834636503212924e-04,1.362270262867321287e-02,6.611057428068313480e-03,4.766803259863340602e-05,2.407628293198596351e-05,3.829520876611863245e-01,3.683236509064819475e-01,8.469805527216284213e-01,1.676270898178841817e-05,-4.732365279644968302e-03,7.135540897282571272e-03,1.144550006907602566e-03,1.171192652018985831e-03,9.807901219564829371e-04,6.225896532399231983e-04,9.717051464604674598e-04,4.067474808834704685e-04,9.573050562743746833e-04,6.823588303533144155e-04,-1.181194647724760411e-05,-6.596815226208929206e-05,6.407488587996321421e-05,-2.298062370187348678e-04,2.221958819557030861e-04,8.873272573298140095e-06,-1.473565194876905930e-04,1.430171400151265305e-04,1.732444760061489092e-04,1.101762611148136465e-04,0.000000000000000000e+00
1.086897287167889808e-04,1.123410242908686255e-02,5.434486435839449257e-03,5.680639035406354439e-05,3.495621908963024937e-05,3.981249951063020043e-01,3.561137616366452652e-01,8.452613228347995999e-01,1.695639884068465928e-05,-4.346808122442177673e-03,3.864946043626426870e-03,9.700260849506436595e-04,1.639579840029470846e-03,1.654855236805797191e-03,1.149891848058047939e-03,2.373323794589400019e-03,1.088802857599161433e-03,1.519751738248551875e-03,1.801665096586829284e-03,1.594489231121579164e-04,3.554106103576257832e-04,7.657897273316862893e-06,1.044222877596233102e-04,8.309389630411338507e-04,8.295117207507623569e-04,1.022662732197703647e-03,7.163313110122421744e-04,1.282231299395073507e-04,-7.022973204862211405e-05,0.000000000000000000e+00
3.048945167881332813e-04,7.162206067306468860e-02,3.567265846421158876e-02,8.246733213202932591e-05,7.255791705000605557e-06,3.708412989602047904e-01,4.825875140535943464e-01,7.806090887333736461e-01,1.715649277767735989e-05,-1.085858041361192489e-01,4.262601873276287978e-02,-1.914273061625619511e-03,1.316421350293368528e-02,-2.701085102206812662e-03,3.366821129675764360e-03,-2.553173653844005575e-03,1.346339570054748847e-03,-2.527879828175972048e-03,2.645560503888165927e-03,-2.481279770488043022e-03,1.044048247939654596e-03,-4.385402840091571879e-04,-1.278948656050007688e-04,-5.264670796239769805e-04,-8.647767946022513633e-05,-1.992600583076539658e-04,3.538447916963834410e-04,-1.905105412424171944e-04,-7.851996699018734364e-05,1.000000000000000000e+00
3.007157612537154022e-04,4.856530177473943749e-02,2.375654513904351672e-02,7.139780622850357584e-05,1.121653376776643213e-05,4.089449596049231639e-01,4.728613761069086485e-01,7.724238574736113083e-01,2.168663492358189615e-05,-8.714700817998939641e-02,4.327580038305391119e-02,-8.118138993310172399e-03,7.238246515908030101e-03,-3.451444329664657136e-04,-1.893755329959185630e-03,-8.255574615475170944e-04,-1.061095985687108070e-03,-9.085727538102366307e-04,-9.462415238701429128e-04,-2.182310365199371417e-03,-5.065132892613811175e-04,9.258947550703524026e-04,8.078020597777711004e-04,7.623290736959777722e-04,1.387541622457415637e-03,7.147032242255497124e-04,-3.828264479572881900e-04,-1.065062370705308764e-03,-8.439246731929447680e-04,1.000000000000000000e+00
2.769429737196893167e-04,2.308439731799073746e-02,1.107771894878757310e-02,7.125041618815710894e-05,1.589580123142273407e-05,4.319540078485442081e-01,4.474760208218389046e-01,7.789943331552698913e-01,2.636562805395196386e-05,-6.491478981803898429e-02,3.607701939616445724e-02,-1.095271165977079221e-02,5.355532381324799515e-03,-1.882386060836648434e-03,-1.419735603002905949e-03,-1.027315041133566604e-03,-1.117603331857104946e-03,-1.404270353036891602e-03,-3.787265691952822894e-04,-2.142530348091193151e-03,-1.213539604508334256e-03,1.288449487794594318e-04,2.174382768359367436e-04,1.511691545275992013e-03,2.430880820957999778e-03,1.949736258763359572e-03,6.691575633190431898e-04,-6.387170180493488168e-04,-6.709284593034553468e-05,1.000000000000000000e+00
1.073935913726935785e-04,1.110013448328700005e-02,5.154892385889292203e-03,4.224910459099768877e-05,2.263233188421452397e-05,4.037734502418285354e-01,3.537258816963805841e-01,8.435814036237132552e-01,1.908107952425573025e-05,-4.752971879538641503e-03,5.512477737966263620e-03,2.683743024071960723e-03,1.305553293633631828e-03,1.167134135196914221e-03,8.171071456537883689e-04,8.818858367120538128e-04,-8.274386383542020466e-05,6.389000955848158584e-04,5.114293712633809176e-04,-2.693481860381607713e-04,1.419742525922874519e-04,-2.091355971797327705e-04,-4.816272552277249969e-05,2.512764213245506986e-05,-2.154302363163817624e-04,-2.112282156000767637e-04,-1.112995270364755437e-04,5.529868764715252207e-05,-4.133127509516901032e-05,0.000000000000000000e+00
1.166281737331160506e-04,1.310284254831118635e-02,6.297921381588266788e-03,5.057076880487432126e-05,2.517028052441953149e-05,3.675463300973134673e-01,3.755983943066744102e-01,8.506000879268221793e-01,1.488146222722889968e-05,-5.244940336250988010e-03,8.135564778033533076e-03,1.382772194777297800e-03,9.504005078395149145e-04,1.474343303899764432e-03,9.100942638981269475e-04,1.318115790735978343e-03,2.188070885689494233e-05,1.124255227994793620e-03,3.313181672502526435e-04,4.497935215492556956e-04,-9.798302012178700864e-05,2.491272894720553501e-04,1.273088601112644055e-04,-7.606374345398619776e-06,7.710607498640879582e-05,-1.712341319899144754e-04,4.342506212624573430e-04,5.292673233030353169e-04,4.965909744533888439e-04,0.000000000000000000e+00
2.395770442315852864e-04,2.579430578762917717e-02,1.054138994618975325e-02,6.080296163291416556e-05,4.019502196843328170e-06,4.195644297861738092e-01,4.623383574423628462e-01,7.751907615969220178e-01,2.282161268365270380e-05,-8.796482653244100391e-02,2.703470329694964910e-02,-4.493372920739001353e-03,2.436118018735407027e-03,-3.857788204241019512e-04,9.121948804266399738e-04,2.202549963252576433e-04,1.213479758520652051e-03,-1.285437551154962115e-03,-2.280569007899307162e-03,-2.034555773988614910e-03,-4.276338176564595923e-04,3.111606547664744335e-04,-9.267667963884293611e-04,-6.319593842694630091e-04,-2.523920850333789302e-04,-3.046278544364990613e-04,-5.997900629800438166e-04,-6.163053271706905390e-04,-9.732175972662568137e-04,1.000000000000000000e+00
4.714054308538034171e-04,6.411075092717742618e-02,3.205556929805863237e-02,1.134695959842720595e-04,1.339708303672196419e-05,4.251296718517886264e-01,5.524474707163203879e-01,6.866803537268100222e-01,2.519634320986408033e-05,-1.726381928034299573e-01,8.560752764216768285e-02,-2.604493808597454878e-03,1.272865837622045790e-02,-2.271119152513440941e-03,2.174938208777864746e-03,-4.962651215136821767e-03,7.730442578858171053e-05,-5.248794389139008545e-03,1.689367370081595789e-03,-4.870152331097324892e-03,-5.100305596480662462e-04,-2.168091295368105870e-03,-2.283505257029148688e-04,3.952323535114944100e-04,1.168710303555382460e-04,1.004660463857482257e-03,3.320794106162704130e-04,4.851675449701972230e-04,-1.443426821507596798e-03,1.000000000000000000e+00
3.438076578969885251e-04,3.701640066713181992e-02,1.375230631587954014e-02,9.499141759025981507e-05,1.647087109439058944e-05,4.164198187362210257e-01,4.700190616226127549e-01,7.692220072070345971e-01,2.353236145273633053e-05,-9.583627994208843148e-02,5.501799305656224909e-02,-9.766029582747024970e-03,7.930022078750370920e-03,-9.266791907477877049e-04,1.036403147315616930e-03,-3.882231223914230350e-03,-1.747222890058616805e-04,-3.905448432487990465e-03,1.093227253996925706e-03,-1.754439350184432882e-03,1.491608807974907202e-03,-1.401792140645994646e-03,-5.524144882495644361e-05,-5.743639937367231614e-04,5.647384080316921601e-04,3.436723347825804001e-04,-2.618035613841448051e-04,-1.318251820830925901e-03,-1.221568843544439727e-03,1.000000000000000000e+00
2.421796603511751356e-04,2.317735030704605806e-02,1.089808471580288110e-02,8.085473112124729291e-05,2.543522217481881170e-06,3.693014014144793689e-01,4.526148752235388817e-01,8.052727737509078887e-01,1.953982648204395997e-05,-9.171936501390831609e-02,3.063431577932785449e-02,-4.557033468251729322e-03,1.038629947523302295e-02,-3.461873853587928498e-03,6.137781726091586301e-03,-3.547535040866225432e-03,4.527130439011635941e-03,-2.468560954483222346e-03,5.113125333927722761e-03,1.077191222497837341e-03,4.414058610849046910e-03,-2.488597262778042326e-03,2.168875613259756141e-03,2.932750627649433213e-04,1.521004876304388057e-03,6.128560077413079763e-04,1.062973684270100694e-03,4.129310915798337306e-04,2.418581899922069098e-03,1.000000000000000000e+00
1.946039698342593490e-04,2.514268086823487347e-02,1.226005009955833877e-02,4.895779719023462737e-05,1.640782531147962973e-05,3.830624459696430062e-01,4.528114761043605108e-01,8.031597826033843868e-01,1.602465010465070291e-05,-4.367490038298636051e-02,2.088246112663122087e-02,-3.050713782331684930e-04,2.699084357841237576e-03,1.581158960356246175e-03,-1.824335041606635083e-03,1.580803537533361771e-03,1.808363471258076730e-03,1.770799519898137546e-03,1.172845942145003340e-03,-1.294390848793593868e-03,4.031821287641458064e-04,1.206295968073805821e-03,1.621736390528602870e-03,1.475135445745383994e-03,4.025625031961563185e-04,8.868805923898688678e-04,2.379343195075033835e-04,-3.190673808239111154e-04,-7.225190747832436425e-04,0.000000000000000000e+00
1.136624572320783951e-04,1.223758389632484574e-02,6.024110233300154424e-03,4.686325787218203115e-05,2.820826784870141785e-05,3.963872259085849947e-01,3.560142297218682472e-01,8.461067400281832018e-01,2.043081053598253525e-05,1.541342645284931407e-03,6.614561657185977217e-03,-2.506119690553570392e-04,5.695944417208641860e-04,9.178065653817499498e-04,-5.475836862318258315e-05,4.660280750039381774e-04,2.563121235129104791e-04,4.881471132477078968e-04,4.082568714035585936e-04,-5.732079889657497903e-05,2.747766623902503564e-04,2.133120794650477216e-04,2.469588672983172328e-04,2.206729063814163636e-04,-1.979845933696603190e-05,-7.019398221168603224e-05,8.548960587291799210e-05,8.344654114728705609e-05,2.301709476621657000e-04,0.000000000000000000e+00
2.963559057460378953e-04,4.254327943815192081e-02,2.044855749647661244e-02,6.167548331386394148e-05,1.532316131670619758e-05,4.139571201713574400e-01,4.665290259587205335e-01,7.749882339709954771e-01,2.248068834256443399e-05,-7.991692059851303320e-02,4.044780020060002867e-02,-7.412631823281127554e-03,7.821033180233355822e-03,2.002572318798909840e-04,-1.594852679417307255e-03,-3.321846645730687389e-04,-4.477299759987895546e-04,-4.621521978325849792e-05,-1.120005511542846582e-03,-2.750120628797746505e-03,-9.325784388173660039e-04,4.863134039639965757e-04,2.003960810769695843e-04,5.626200369430191771e-04,6.612520366748673301e-04,-6.307393236088430170e-04,-1.085761680173645462e-03,-3.183217671066917976e-04,1.046192772133810057e-03,1.000000000000000000e+00
1.237984214247849033e-04,9.996662081603420111e-03,4.828138435566611472e-03,4.383568790135151900e-05,3.012479063735095010e-05,3.520820461548315738e-01,3.985223477200134923e-01,8.466956137190633225e-01,1.234846696507689443e-05,-7.874986603504748398e-03,9.785562763384525117e-03,5.291628272461281444e-03,1.992707533198306499e-03,1.890288852439625999e-03,1.336010178522727306e-03,1.648596560685755422e-03,4.561961588732638497e-04,6.098208972509813709e-04,1.321834594726186080e-03,-1.756207787845355604e-06,4.304729887625830887e-04,4.235264319787734140e-04,-3.030614861033805070e-04,1.058297285360468580e-04,-6.336186146190957071e-04,-5.320549050977553280e-04,-1.935567319045991303e-04,-7.476755716707114977e-06,3.293483274392570558e-04,0.000000000000000000e+00
1.200830857077505437e-04,1.241171268682452963e-02,5.884071199679776452e-03,4.645743888958944517e-05,2.355448751963423932e-05,3.850193248367848042e-01,3.754076372163617781e-01,8.429351347825922991e-01,1.699646443703975833e-05,-5.487665661400613175e-03,7.838800743052390385e-03,1.552950745057745958e-03,1.743587599305238033e-03,8.458458241385139603e-04,5.285116893403606813e-04,7.970537188488506031e-04,3.968639772415521235e-04,9.286582942249905744e-04,4.889601323315203966e-04,4.409529401146064856e-04,3.133323763741882053e-04,4.859943898113964957e-04,2.864877260422724558e-04,2.134750914165932877e-04,-2.881655644958854771e-04,-1.617342449799150637e-04,-3.448590343177339161e-04,-1.012621190167655393e-04,-3.110003310150767555e-04,0.000000000000000000e+00
3.430077145702992982e-04,5.539541093463207916e-02,2.709760945105364749e-02,8.425832849229755056e-05,1.334412681467697745e-05,4.385700367880998596e-01,4.499626558550125499e-01,7.660287800833738281e-01,2.804025739661352703e-05,-1.095329873861009135e-01,4.927606315837861767e-02,-1.069140428555986032e-02,3.743940116401261314e-03,-1.899008710420666945e-03,-1.461163496123483356e-03,-3.064450937808982627e-03,-1.917403431242882799e-03,-2.749647094190873879e-03,8.003298456377746627e-04,-1.533031690728093015e-03,-1.131352522929030338e-04,3.307926511844015401e-04,3.918366635305133103e-04,-1.638717333188087293e-04,-4.518523553544272903e-04,5.201551919676582371e-05,5.161924744627847689e-04,1.270644648503711912e-03,1.049914369483698944e-03,1.000000000000000000e+00
3.065274315031141250e-04,5.280413956752864207e-02,2.574830424626158368e-02,7.984521941222076527e-05,1.803953149012085331e-05,4.108297176623932345e-01,4.717258819566138572e-01,7.730575076778671839e-01,2.198214703345460240e-05,-7.313200010484152691e-02,4.591288538218914889e-02,-8.849460784383944914e-03,8.662237153354145069e-03,-2.443508335919622790e-04,-1.204014286612756961e-03,-6.571035941109485074e-04,-1.331167668105859769e-03,-1.284290329199448081e-03,-1.055564739064161804e-03,-1.768900307960427024e-03,-3.570147066255386888e-05,7.719195691240091301e-04,2.089798088197986319e-04,2.098524567799469519e-05,5.227135950016147722e-04,1.999113511182060610e-04,4.501093774191496674e-04,-5.613765800411217284e-04,-1.914151990239658938e-03,1.000000000000000000e+00
2.002694017156615388e-04,1.916640758606917225e-02,9.012123077204768976e-03,4.322067580312772222e-05,4.779666402091970038e-06,4.350534204979369379e-01,3.771590662302793939e-01,8.144056176825152926e-01,3.043819162664437113e-05,-6.534408606044324330e-02,1.720738590269415419e-02,-8.609108645096757995e-03,6.376886790492408523e-03,-3.919774098797493625e-03,2.001579019067240700e-03,-3.296302702244506989e-03,2.003409357462328667e-03,-1.721393129470841048e-03,5.108564885052830837e-03,1.309078252720540653e-03,3.284141276446723556e-03,7.021066508986568890e-04,1.920214768432649708e-03,1.185885882045219653e-03,1.859688049424525419e-03,1.996420844283190721e-03,1.842841188332994175e-03,5.609948110995784413e-04,-1.077412568369391947e-03,1.000000000000000000e+00
1.145923787733908701e-04,9.551771491758828669e-03,4.698287529709025551e-03,4.788010522446953444e-05,2.466200363734877588e-05,3.682556912026205831e-01,3.746798670098283046e-01,8.507449095959024321e-01,1.362142621618202140e-05,-6.828980492673797711e-03,7.217139434425754070e-03,3.568125483202351511e-03,1.940768086010970098e-03,1.019522670204499456e-03,1.237880154353947172e-03,1.210580571012727282e-03,5.926375449780444879e-04,6.199176598712164733e-04,7.058711491386232767e-04,2.606662659487785170e-04,4.872562719212660334e-04,4.723523309230486140e-04,6.564687937220140077e-04,5.803816765157204360e-04,6.496853324175319751e-04,1.620737533877838717e-04,3.228921881334935635e-04,-1.606026947242560467e-04,-3.867483674113743461e-04,0.000000000000000000e+00
1.102925054824992489e-04,1.055533743875481170e-02,5.073455252194965584e-03,4.515835103651914497e-05,2.047865574649959729e-05,4.020654268059956071e-01,3.530139437957495185e-01,8.446773984227515797e-01,1.756303743536226220e-05,-7.592544824597519289e-03,4.461474952600499345e-03,2.796198309465872806e-03,3.945258686580974464e-03,1.476705293817293443e-03,3.119063661105349870e-04,1.407451777186619849e-03,4.943430068087811390e-04,3.703097794394089926e-04,1.106193893603343989e-03,-2.618700488023012691e-04,3.306095194953740106e-04,-1.986143363346582369e-04,-3.731627439908751084e-04,-1.713282788163672618e-04,-1.835887879148024584e-04,-3.883355873281267947e-04,1.520832075906046596e-04,2.239318073633793252e-04,1.660838782339238732e-04,0.000000000000000000e+00
1.297248272775250824e-04,1.197167595481066563e-02,5.837617227488629303e-03,4.924491593340733748e-05,2.899316427774235449e-05,3.895214876808224536e-01,3.856455073637190534e-01,8.362119905736952186e-01,1.864765956761114249e-05,-4.806470650971630086e-03,8.929736550949998047e-03,1.364123375920745992e-03,3.108986152988817576e-03,1.994265475390029265e-03,4.600013597099186194e-04,1.514263956216440731e-03,3.780341516810277296e-04,3.315933018246839336e-04,6.175111667375783380e-04,-2.052856535047831220e-04,3.335983132324775533e-04,-1.317368338895149487e-04,-2.155346204649389219e-04,6.375483822635095988e-05,-3.670783540248878673e-04,-4.435890443560516934e-04,-5.327012106058729183e-04,-5.469432311707317926e-04,1.423599331248147728e-04,0.000000000000000000e+00
1.297225613993380981e-04,1.523641235185762763e-02,7.394185999762272268e-03,5.382780066166446224e-05,2.639228054356789659e-05,3.681549765965430043e-01,3.951039824856197868e-01,8.413408530800325913e-01,1.584954006224959043e-05,-9.359334870821448341e-03,1.054759997380289895e-02,2.169901681275658838e-03,1.126086952021723275e-03,1.837463720362127054e-03,-1.355736623321234706e-04,1.666364429902736713e-03,-6.845335352028214331e-05,4.077831630565645024e-04,4.091293515042487687e-04,-4.508866755254940014e-04,-1.481898394375803058e-04,-8.928816109513132405e-05,-5.190921009017415754e-04,-1.413938440544853148e-04,2.308557341452211484e-04,4.533816826938804733e-04,7.663983339899455667e-04,8.230350718386509777e-04,3.172114112568345996e-04,0.000000000000000000e+00
1.740428842536381239e-04,3.212314953509531890e-02,1.479364516155923931e-02,3.928203277315476936e-05,9.714613363452026336e-06,3.829791712056190289e-01,4.489676455233478913e-01,8.052480454957551270e-01,1.516354259438055739e-05,-4.188355212827886420e-02,1.690407403161765451e-02,7.253929072481576728e-05,-4.576447982888967218e-05,-1.823090899142510530e-03,-2.738879828850660902e-03,2.430238742543002547e-04,-3.110867241751210429e-03,-1.581802402812271593e-03,-1.525468004723225376e-03,-2.482666838140390551e-03,-9.587652004421993914e-04,-1.457360598177588834e-03,-1.621511162460884331e-03,-5.517448020698981909e-04,3.064595539071544384e-04,2.754401872596037165e-04,9.786951634887140154e-04,8.632436960516387189e-04,6.487993728977618562e-04,0.000000000000000000e+00
5.353072592633773170e-04,8.645159961004006410e-02,4.068335170401667089e-02,1.172405585987356221e-04,8.970257538692288742e-06,4.344980070622279089e-01,5.399403520694020520e-01,6.616759194302185287e-01,2.587929926056021149e-05,-2.558599569485757175e-01,8.315457251721689036e-02,6.831862559038720008e-03,2.955276165508667272e-03,1.278338859025311778e-03,-5.698568705802375955e-03,-8.905333594979395265e-03,-6.710316875434750757e-03,-5.987219128941060307e-03,-5.019083700039455795e-03,-1.722118098944290607e-03,-1.480977019485105444e-03,-3.461475111287645647e-03,-4.441296658207120711e-03,-3.796724755762294779e-03,-4.001671046712206199e-03,-2.850901888669011078e-03,6.750295479426631981e-04,1.003692256820567456e-03,-8.875390006128644829e-04,1.000000000000000000e+00
3.019972862285353146e-04,4.877226680668362430e-02,2.295179375336868499e-02,7.375960533063218711e-05,9.639097760393784865e-06,4.094472917783334998e-01,4.878794720249119421e-01,7.617608984510768622e-01,2.139830719309451692e-05,-9.699656262398059781e-02,4.063740109610796541e-02,-5.512164394050833582e-03,6.701548323308360866e-03,1.280746071118310980e-04,-1.148960502881389610e-03,1.489054407514568278e-04,-3.456472862089648729e-04,-5.731283828981381147e-04,-3.113974978907106211e-05,-8.321523293782476152e-04,1.801080727979906216e-04,7.547097169438360051e-04,9.342287807337464522e-05,5.071346649924120611e-04,8.710958991435575763e-04,6.290939631434449382e-04,3.502469953500707777e-04,-7.226358432213433446e-04,-1.029507220573369500e-03,1.000000000000000000e+00
1.266808921534428917e-04,1.259005561290602038e-02,6.334044607672143987e-03,4.425681120000938461e-05,2.465971291262585043e-05,3.732575252069579852e-01,3.865783585948359136e-01,8.431501938623054970e-01,1.536257454073636011e-05,-5.779419904548870751e-03,9.463967771771176693e-03,2.025734686071139958e-03,1.875468987817311816e-03,1.138875222392277684e-03,1.038898491499484896e-03,7.204840193245382485e-04,6.658199612913033973e-04,6.829185963928262066e-04,3.085371525968400074e-04,9.930173678572028792e-05,1.495424387843252386e-04,-2.991333952363827223e-04,-3.740247701729269890e-04,-3.291247167728340406e-04,-3.427349895585584966e-04,-1.907059876931332791e-04,1.979351346653832229e-04,2.049985465173109170e-04,-7.927830067824878003e-07,0.000000000000000000e+00
3.899725314968968811e-04,3.732158992841395906e-02,1.676881885436656491e-02,1.041834449458221726e-04,6.681152169232874035e-06,3.836106704269082734e-01,5.475119212151704495e-01,7.224294954789656220e-01,1.724741100241111350e-05,-1.586867480802955088e-01,6.359769643322803201e-02,-9.208104388277762965e-04,1.262888308508921045e-02,3.112104602415187698e-03,3.743871016114101117e-03,-2.113718515762044291e-03,3.691584034249747060e-03,-1.186334053982901308e-03,3.964174338687035878e-03,-4.033254676635302481e-03,-2.114908789451892725e-03,-3.136079102378288522e-03,-8.153574823534107466e-04,1.556701136348433211e-04,1.322951591098901107e-03,1.365826286094015771e-03,2.881039545165089890e-03,2.514714618304283132e-03,7.206735138046991348e-05,1.000000000000000000e+00
4.376181020835051929e-04,6.651754929417247331e-02,2.494423181875979681e-02,1.063658663661451410e-04,9.411184358141849222e-06,4.155012472895017739e-01,4.867387266905404686e-01,7.421484048360286190e-01,2.657480222303333688e-05,-1.685909985916634879e-01,7.757078021192462258e-02,-4.079343318557891035e-03,1.066796554383183694e-02,2.552673555811161947e-03,-1.995893994029589863e-03,-2.778850576107613247e-03,-3.055475815312130080e-03,-1.807671710779730923e-03,1.685601988892523754e-03,-1.556256846140872106e-04,-4.087949713322860642e-04,-1.601090138696354423e-03,-9.209932022668093632e-04,1.595791875684174962e-03,3.160692567296694098e-04,-5.366503081287174806e-04,-3.270827180670586370e-04,1.223521075562259341e-03,6.801361202484537943e-04,1.000000000000000000e+00
1.396731555267144073e-04,1.164236295122499792e-02,5.586926221068575643e-03,5.272017884862973005e-05,2.206437599561118286e-05,3.747049930126373218e-01,4.084343421748419800e-01,8.320756776863228454e-01,1.423475160565091788e-05,-1.052309965192681565e-02,1.163969291115952640e-02,1.495027829927866999e-03,2.019461877980608961e-03,1.989550099484775104e-03,1.034231416606524274e-03,7.370983447428632127e-04,-5.560663585009651593e-05,8.001406385595373526e-04,4.697261810963681617e-04,-3.525039885243620263e-04,-5.907219391838808373e-04,-2.572657397032428964e-04,-8.243573566552095519e-04,-1.774585268360824846e-04,-5.284163890246586009e-04,-4.005261175448845859e-04,-1.304855861260286072e-04,-1.550956343458648765e-04,-3.792090809021480256e-04,0.000000000000000000e+00
1.210167079322137132e-04,1.302938676711578453e-02,6.050835396610686201e-03,5.503963788103073749e-05,1.932775754560695617e-05,3.969199550919231267e-01,3.662438900087145455e-01,8.414412262063286629e-01,2.091403954222744325e-05,-4.269109583120073159e-03,7.411318393764390958e-03,1.702304009317784361e-03,3.469671671822160530e-03,5.240348759488670880e-04,-1.640479778972544209e-04,-9.590567518841290823e-05,6.204741902392535858e-04,6.484656384049692756e-04,1.481332712768840666e-04,-8.783233950487205968e-04,-6.279442257804895096e-05,2.576668929797940955e-05,-1.566754798937483562e-04,-1.278250127124609872e-05,-1.507721761904212200e-04,-3.059853270585533545e-04,6.910446771739760252e-05,1.899277124373508938e-04,-2.087384866729726526e-04,0.000000000000000000e+00
3.199771130735665583e-04,3.594851567563931566e-02,1.791871833211972770e-02,6.881549380193488659e-05,9.800206396409479135e-06,4.352995376747135770e-01,4.611330425625431717e-01,7.638554113038183990e-01,2.808489617060912395e-05,-1.036913892733542369e-01,4.275215620861329974e-02,-8.009379118838028458e-03,7.861055310895974368e-03,-3.818507094844906732e-03,5.651604737065471333e-03,-1.769695677762267699e-03,5.493004626905900138e-04,-3.382043265598609454e-03,-2.706936950864122205e-04,-2.495217504643288623e-03,1.127087224399540757e-03,1.613239888695504158e-03,4.357555772788919164e-04,9.610019841605080358e-04,-9.998846766306648381e-04,-1.373192553787062290e-03,1.891760716719752321e-04,9.189657651929298470e-04,1.171982828629747949e-04,1.000000000000000000e+00
1.523691717359658524e-04,2.460747243733921175e-02,1.203716456714130217e-02,5.022746311850187300e-05,6.064473794169638059e-05,3.761270594578330351e-01,3.999896697951100810e-01,8.352433868180427767e-01,1.496399028035036724e-05,-1.052968952475354493e-03,1.049361377155880355e-02,5.739324870146005021e-04,4.297702628767566257e-03,3.497238414535063455e-04,2.075110080410724322e-03,1.582024107141882189e-04,9.156589359977561566e-04,4.204627599536765129e-04,2.289630575166389306e-03,-1.338565155033927864e-03,1.212409387108409902e-04,-1.101106728702180328e-03,4.449823894533773872e-04,8.505461599385638963e-05,1.732974585668785577e-03,1.750720895096639267e-03,2.161151238868564729e-03,-1.403053742487992881e-04,1.237763077473139626e-04,0.000000000000000000e+00
2.766514741792073379e-04,2.859452346399150857e-02,1.383257370896036689e-02,6.778378506581233772e-05,8.164725693556484416e-06,4.142016573994017903e-01,4.344904426532303909e-01,7.934777384736679817e-01,2.385189689121402671e-05,-8.714873665247699352e-02,3.561323842420581476e-02,-8.001599545425897020e-03,8.531268460713132412e-03,-2.488518053752749107e-03,2.207824851878160185e-03,-2.724308561036460716e-03,4.012785847352199633e-04,-2.480076254361153996e-03,1.674349310028640236e-03,-9.184965061745943007e-04,2.103736038217422430e-03,1.049434211644377718e-03,8.113440286600633392e-04,5.085882231624640161e-04,1.440897863397509098e-03,2.973083306978260365e-04,3.939618070748217461e-05,-1.254904779158699628e-03,-6.372958002975700380e-04,1.000000000000000000e+00
1.200772032911348304e-04,1.241110468391963886e-02,5.883782961265606772e-03,4.644580518327588194e-05,2.355929379849208851e-05,3.851090385208218447e-01,3.753499188446886570e-01,8.429198591455653311e-01,1.700098672894182321e-05,-5.490691898835982875e-03,7.838107843524287285e-03,1.554249852111058748e-03,1.743199250246472813e-03,8.427604224821843432e-04,5.293267019316114617e-04,7.941210781319295916e-04,3.957904516014664853e-04,9.286406347257032028e-04,4.871950262020833091e-04,4.388790235987214848e-04,3.126574712264397439e-04,4.871648796983480204e-04,2.881790037038503300e-04,2.146743378237091768e-04,-2.849842214067262939e-04,-1.614775010773890937e-04,-3.447925971324498386e-04,-1.011937254621453450e-04,-3.119843339571171277e-04,0.000000000000000000e+00
1.215554706706186610e-04,1.121776560388033396e-02,5.591551650848457754e-03,4.866816193358175328e-05,2.697152708660370603e-05,3.971681463625829078e-01,3.664150354976257185e-01,8.412965327024057860e-01,1.781070887153020461e-05,-1.904980477164675738e-03,7.204808015306425444e-03,-1.908024860114028421e-04,1.527465714012793971e-03,1.064396169360999189e-03,4.833955243121301868e-04,2.496300998705030692e-04,5.136561989008860260e-04,6.062064995366536627e-04,3.533679028941652425e-04,2.831922271466385567e-04,2.416707453860686048e-04,2.089314376587089251e-04,-1.882715647851143745e-04,-7.472600533733468912e-05,3.625740208616429270e-05,4.227704121330543495e-07,3.353673937279719815e-04,2.782673229893248040e-04,6.438668516384071426e-06,0.000000000000000000e+00
3.152193030892118148e-04,3.393840641170468853e-02,1.513052654828216798e-02,7.542642995005246825e-05,5.046694919877109597e-06,4.040389128773648197e-01,4.737417433724907534e-01,7.692486552349581119e-01,1.872732049425520452e-05,-1.321490406474770674e-01,4.017417948514247217e-02,-1.195543339324928482e-03,7.311218806727366737e-03,-1.367441553016627556e-03,1.273644159552797398e-03,-2.585560212053667362e-03,-2.400889378179204767e-03,-2.231783881186791274e-03,-9.218420665075590910e-04,-2.337280550933166449e-03,-1.714479833120774932e-03,-2.868461057982851260e-03,-3.346644937669311301e-03,-1.808625788560457937e-03,-1.237193524582233593e-04,2.215224656939207473e-03,1.763328530330360994e-03,-1.093533682930994139e-03,-1.628489930161991376e-03,1.000000000000000000e+00
1.025649986580656422e-04,1.060105415817350245e-02,5.230814931561347456e-03,4.438397522353830233e-05,2.471109118793591290e-05,4.041294039341637445e-01,3.447807632509453102e-01,8.471210821994603624e-01,1.716926145027225398e-05,-5.749743863401970446e-03,3.741080743642115694e-03,1.226280807486213476e-03,-6.595984060469939434e-04,3.884347188904251633e-04,5.429359791736604801e-04,3.492785679855911897e-04,4.386147554256035128e-04,8.207097298732531770e-04,6.017257629918998070e-04,1.637058772538277861e-04,4.985528343351980233e-04,5.082790424799378380e-05,2.576135093629695698e-04,2.857926950623423281e-05,-2.658793412987390603e-04,-1.464253941718031838e-04,-1.916069662259916131e-04,-5.527859083927868546e-04,-4.424960656147922046e-04,0.000000000000000000e+00
1.168214957743700150e-04,1.161018922096540909e-02,5.841074788718500152e-03,5.893933474369609962e-05,2.261137213059872308e-05,4.091096974886173632e-01,3.536130213657215360e-01,8.410502995990147834e-01,2.184769511104186270e-05,-2.717406457085620557e-03,6.283758525944761232e-03,-7.622885741236958132e-05,1.723767100648673821e-03,5.686205417397795963e-04,7.861420822789218308e-04,5.672186793727135518e-04,5.775939206829134231e-04,4.978405409718004949e-04,3.639690685347159995e-04,2.982012787271079088e-04,3.488360044913770431e-04,5.415456839378523634e-04,3.330570776993416909e-04,2.545102408195251296e-04,1.249308002778804611e-04,-5.466258511477917789e-05,4.515915142365193674e-05,-1.373345458447505535e-04,6.422601041527323576e-05,0.000000000000000000e+00
2.787910841998395050e-04,2.881567221846778951e-02,1.393955420999197677e-02,6.198196604810598685e-05,1.023918404447196536e-05,4.165461483246588603e-01,4.658388384000281546e-01,7.752738217814238997e-01,2.395407820729327346e-05,-7.825527951521681069e-02,3.421564631231885367e-02,-4.011626131369440407e-03,7.487167553302909000e-03,3.780880108534839129e-04,1.669986239490832370e-03,-3.653289928270343073e-03,9.407806607905775309e-04,-3.218737790218665403e-03,1.449581093845709765e-03,-2.923812549865190190e-04,7.677661994399371343e-04,1.596929177727002803e-05,3.770575460856523701e-04,4.215624239926433494e-04,-6.183127488912851244e-04,2.176936097668867815e-04,-1.105558203640840710e-03,-2.547947144816938448e-03,-1.932288433752412131e-03,1.000000000000000000e+00
1.264275482809016379e-04,1.209951145657066525e-02,6.068522317483279055e-03,4.522635561913775169e-05,2.568979868045275812e-05,3.882063122481778095e-01,3.762309158970281175e-01,8.411142319214441887e-01,1.880481347120270620e-05,-2.293641147671935786e-03,9.140335017462593303e-03,-6.149891623554561496e-04,-4.520807064175296375e-05,2.148884268251001592e-04,-1.159918069826554711e-04,-1.672325246911341421e-04,-4.329415077830423941e-05,8.190527544824974921e-05,-2.274085264892896602e-05,-1.537609008921595561e-04,-1.336054175016225672e-04,3.186621825857470242e-04,1.577652223781929590e-04,2.218652601059277539e-04,-4.350568689316466507e-04,5.007743345990347042e-05,-1.076950344296141666e-04,1.168516665076783229e-04,2.099408051852107550e-04,0.000000000000000000e+00
2.340706094012454629e-04,2.880165701616887661e-02,1.334202473587099182e-02,7.144873604698121535e-05,1.609676871279996056e-05,4.221748434790274507e-01,4.442800207873024432e-01,7.880017439642005295e-01,2.434717694635837586e-05,-3.895086901680264169e-02,2.858662967456358436e-02,-7.515190845053271868e-03,3.906348628477224715e-03,-1.263548592570653542e-03,-5.804972587386797011e-04,-2.300436820515111471e-03,-1.147129327786801161e-03,-1.633162274512577235e-03,-1.069717713046338965e-03,-1.558979714231273133e-03,-1.285652476265119115e-03,-1.258097648169943621e-03,-1.161703472877571777e-03,-6.533986776624962347e-04,-7.474257384953189544e-04,-9.556968856339482501e-04,-8.300133885635396303e-04,-1.084086703363316322e-03,-2.745251274702208664e-04,1.000000000000000000e+00
3.366356217790922485e-04,2.999521333605462137e-02,1.077233989693095195e-02,6.696549985538387056e-05,4.229311160949483419e-06,3.763952494040247454e-01,6.546877122524523696e-01,6.307251029474438830e-01,1.423937169389871986e-05,-1.678901246112867451e-01,4.903935765904826605e-02,1.566023694662187909e-02,5.137880097429900136e-03,1.030436668805001423e-03,-2.798172492605883197e-04,-1.755596748154701495e-03,-2.087628807176622643e-03,-1.283942546131998938e-03,2.817202464360590928e-05,9.165958377906017335e-04,7.476836681277261761e-04,8.045183283603682173e-05,-1.552147648254977562e-04,-2.943230974703428125e-04,1.971933037411555665e-04,1.105224374879086894e-03,7.772909181136985991e-04,-8.658156874371916202e-04,-1.622443781116018760e-03,1.000000000000000000e+00
1.571766165194305061e-04,2.256344006675418262e-02,1.084518653984070484e-02,5.599726168435930073e-05,2.720995320074269205e-05,3.379038161880591473e-01,4.585544100666991141e-01,8.209560097802004464e-01,8.119614125030791805e-06,-2.540576137692201336e-02,1.344927093828575046e-02,8.375634700811292535e-03,5.063959609029826392e-03,4.274097652727206625e-03,1.776959861018330899e-03,1.242348208880622975e-03,1.378172479287379957e-03,1.981793146309873211e-04,2.076615348531763317e-03,1.172097008675657682e-05,7.582575683651003465e-04,4.861707105363481446e-04,3.684867263276017505e-04,5.789330370195510615e-04,-4.509574269609235245e-04,-4.108383665182527723e-04,-4.947237006122033164e-04,-1.866816444498924413e-04,-2.321356447391762585e-04,0.000000000000000000e+00
1.176387082119211968e-04,1.519882919573942691e-02,6.705406368079508406e-03,4.076458404082024115e-05,1.989857987641237524e-05,4.291242461011651188e-01,3.395835218231375019e-01,8.367345638277511322e-01,2.422769216964743133e-05,-1.040203410411861054e-02,4.039257433311084153e-03,-1.326930682967821873e-03,2.588441696051160205e-04,-5.714692708905086058e-04,-7.207020588236219029e-04,3.920742275965959485e-05,2.867495856424241382e-04,-9.627906081943450817e-04,6.628557148852778826e-04,-1.105009091810290386e-03,-8.657660719871848945e-04,-4.644539961479438430e-04,2.795750419333492142e-04,1.457381077630255195e-04,1.271232625755551069e-03,1.104205091629924381e-03,6.224630627172105142e-04,-3.456324854944471756e-04,-6.555536251008026258e-04,0.000000000000000000e+00
2.837672930954471999e-04,3.055209381227837542e-02,1.475589924096325570e-02,8.786932371208898971e-05,1.103531267583194428e-05,4.329208570679017876e-01,4.506722533495013949e-01,7.755289577849074911e-01,2.598964522914070722e-05,-6.986056409597779515e-02,4.240837992106052945e-02,-1.191170075562125383e-02,3.296164726931814955e-03,-2.918827821067529211e-03,-1.138971827182335556e-03,-2.025913266169593156e-03,-2.875706248848588446e-03,-2.674076438671494586e-03,-2.034662768655744539e-03,-8.939469326378024451e-04,-1.597730120492660668e-03,-7.320859573108304827e-04,-1.282933196385579880e-03,-1.749523558375995838e-03,-1.410479486815900815e-03,-9.496424158539865535e-04,-9.492798724222190239e-04,-1.909258469891367510e-04,6.285430002267534196e-05,1.000000000000000000e+00
1.167481122419632562e-04,1.587764725494627757e-02,7.121634846759758615e-03,4.847792890952184959e-05,2.870190369475025908e-05,3.804597933710570645e-01,3.670794233385173411e-01,8.486077094440497293e-01,1.537134472768395861e-05,-2.358604803201638702e-03,6.745094485877100796e-03,1.959145837723200514e-03,2.131337911903371900e-03,1.046667428103520122e-03,1.740647930497663627e-03,3.123040236679785575e-04,4.382469613196933824e-04,1.302378841162923635e-04,2.155929929552277983e-04,-6.982564234804533587e-04,-4.217961770658405578e-04,-4.265845441690778884e-04,1.060526338907419872e-04,-5.556456141852141858e-05,-4.696755510810358037e-05,-5.391227537534458956e-04,2.297417874283418722e-04,1.833486278209621088e-04,6.357247487541875313e-05,0.000000000000000000e+00
3.461426519375260659e-04,6.880209262520237123e-02,3.322969458600250059e-02,9.059528333664115937e-05,4.661345408125441815e-05,4.594401351580358894e-01,4.592339786626511433e-01,7.520192091979961413e-01,3.248645571740967081e-05,-5.549219067655546817e-02,5.681254005523921763e-02,-1.692173412906821869e-02,5.519339026673425680e-04,-2.627612263630801741e-03,-9.088752175273884237e-04,-3.834046248699453634e-03,-2.431528310589081004e-03,-2.810611900148835430e-03,4.269658189877669429e-04,-1.902312109730144212e-03,-1.460847985478059977e-03,-1.888989105500173474e-03,-5.919267741178530417e-04,-1.070333371977508826e-03,-4.473537789193744187e-04,-2.111325233931364564e-03,-3.212260385079076684e-04,-1.400440394494912623e-03,-5.391975394289772296e-04,1.000000000000000000e+00
2.743469952544298871e-04,3.222310677571117721e-02,1.536343173424807411e-02,7.752681861197386443e-05,1.897496636432882748e-05,4.256897317682544757e-01,4.530509231681363880e-01,7.795774214920138112e-01,2.559644061579809636e-05,-5.408244473009916203e-02,3.768777391521578590e-02,-9.379964614095940081e-03,6.958470721202337887e-03,-1.448252877857323642e-03,-7.613151451835284324e-04,-2.605079207887818667e-03,-2.086155532976776555e-03,-2.098691038110560899e-03,-1.553744525050392618e-03,-1.202285172431447145e-03,-1.490768353757377946e-03,-9.725039263262815186e-04,-1.555475227549251750e-03,-5.183549101345979538e-04,-7.915634972049629759e-04,-9.553653530344315614e-04,-1.104216450551266746e-03,-2.001299389057681691e-03,-1.152515241334650621e-03,1.000000000000000000e+00
2.416761661648385837e-04,3.286775985157087271e-02,9.667046646593542916e-03,9.217389914153583004e-05,1.946427824767713561e-05,3.691917171984882007e-01,5.026051503140317456e-01,7.784020008377172672e-01,1.452596499442549196e-05,-5.564461715152965032e-02,2.879602686478659190e-02,-2.540013037272940304e-04,6.860682840580224241e-03,2.418866807119033485e-03,3.897955262495905043e-03,1.158051560724960823e-03,1.496194718711992217e-03,2.289534829088344769e-04,1.428927668606324794e-03,-2.847608654853180207e-04,8.637408752865673948e-04,-5.076063245273612200e-04,-2.188055252298809125e-04,-4.472010582613326511e-04,-4.587600405414984746e-07,-6.758958059631096525e-04,5.646045800899415941e-04,-3.482312319211270583e-04,6.621786862691226129e-04,1.000000000000000000e+00
1.224153493456653916e-04,1.976995937308536483e-02,9.670812598307565802e-03,4.342388903266812208e-05,2.866971504102910231e-05,3.658790513512837350e-01,3.847582963481716023e-01,8.470458475711536428e-01,1.365792655364869108e-05,-4.957497827396282510e-03,8.994630827389214420e-03,2.769456039626377701e-03,1.512107966654888461e-03,1.818997206485957387e-03,1.094824081932433378e-03,6.494636085733815475e-04,1.104953598671308155e-03,2.555185362373450981e-04,5.264655716926727432e-04,-3.838428437457213640e-04,2.256242441059484337e-04,2.487799265757464386e-04,1.705352677638345758e-04,5.045131485118326594e-04,-4.364045899187470891e-05,-9.213128351978816164e-05,1.416569928578714798e-04,9.033604617711638116e-05,-5.490177504463676102e-06,0.000000000000000000e+00
1.155284256182923690e-04,1.148167871792373819e-02,5.660892855296326652e-03,4.984088463140884736e-05,2.715310326746986125e-05,4.055966463757711971e-01,3.637693142337828367e-01,8.384039697354480625e-01,1.987482954886696606e-05,-4.928385197440601599e-03,6.341482117086987523e-03,1.971812170701785910e-03,2.283708531872101662e-03,7.920072459497999769e-04,3.212799186629204185e-04,1.365398923986434546e-03,1.391243536477061087e-04,9.171183647965382157e-04,1.314720429035313586e-04,-4.707378567202249705e-04,1.538015051831416707e-05,-4.895522300064623130e-04,-5.148251517022541706e-04,-2.902613222229887338e-04,-3.341033877622197768e-04,7.173385108070784747e-05,1.039863440941202525e-04,2.667966445460403179e-04,2.225556134086207043e-04,0.000000000000000000e+00
1.861816633190235132e-04,1.093387520290607824e-02,5.213086572932658369e-03,6.005739289334756034e-05,2.746278455215645181e-05,3.701079553434428737e-01,4.803450458767897779e-01,7.941453252298553700e-01,1.231409051726658730e-05,-3.181773005082243200e-02,1.972098933477205857e-02,5.782751438608756990e-03,4.138131878193027600e-03,2.385833127695777094e-03,-9.621623292295393773e-04,2.091966190873431435e-03,-3.919620359547774978e-04,-3.197857610817279563e-05,9.456549592708199869e-04,-2.148877493240386460e-03,-6.749185800620410890e-04,2.589561780196596879e-04,-1.235604419083867174e-03,-4.527461705781020635e-04,-1.373714149159147111e-03,-4.756050910959118308e-04,-3.188972545829627360e-04,-1.142762173330926292e-03,9.433358742720331395e-04,0.000000000000000000e+00
1.100491596950852158e-04,9.805700314964825581e-03,4.842163026583749114e-03,5.231307126801491218e-05,2.772493388442575515e-05,4.102045052118354906e-01,3.547755993634345018e-01,8.400230833561941335e-01,1.593374097918686067e-05,-8.576148663818047857e-03,3.560273491724822402e-03,2.209378237856243505e-03,3.041114362153146591e-03,1.789738198333362890e-03,5.856092775816712547e-04,1.483877008694443368e-03,3.854161928302053870e-04,8.077839796733746105e-04,5.798631174213123799e-04,4.404800207223659729e-04,5.804313296860921876e-04,4.132745727415019989e-04,8.622984400118082426e-05,4.392698772432857560e-05,-7.884417538510951769e-05,3.371934097588819446e-04,1.547589870264114067e-04,6.020225352202732968e-05,-2.092533859922772140e-04,0.000000000000000000e+00
1.298300319077100307e-04,1.524903517523973524e-02,7.140651754924052554e-03,5.359699669093204367e-05,2.627105930610419300e-05,3.690576592602274331e-01,3.945671120752231587e-01,8.412004752815714914e-01,1.622738013399975689e-05,-9.294279624084841873e-03,1.053173818416103247e-02,2.123233190319979806e-03,1.161816540895048780e-03,1.793694252505231759e-03,-9.604956847644280067e-05,1.625521903782432571e-03,-8.331590502298053241e-05,3.947153458827854845e-04,3.963854451732136343e-04,-4.169334264291029942e-04,-1.709363648984532278e-04,-8.279446274296459987e-05,-5.197562006706324704e-04,-1.225854867588467502e-04,2.488353476085691384e-04,4.583344693398380102e-04,7.773105824867667431e-04,7.908316420711257368e-04,3.337761593315211593e-04,0.000000000000000000e+00
9.928964654496795874e-05,9.502329454498886774e-03,4.666613387613494264e-03,4.236246234121002712e-05,9.724256889409354092e-06,4.195644886654824046e-01,3.380077892205233803e-01,8.422896637736304593e-01,2.271118729611723783e-05,-1.123375121438468030e-02,4.129230867894219392e-03,2.136533953711786549e-03,1.101362805780160955e-03,1.731723589851571782e-03,6.033136948365976169e-05,3.007234813725525235e-04,8.347423476778972938e-06,3.432353293621171722e-04,2.891930332232847876e-05,6.119972484713490481e-05,1.247725163013951280e-04,2.875532940196417120e-04,-7.625332709356383981e-05,2.207475614808978605e-05,-1.397116901169718063e-04,-7.553909755581505276e-05,-8.645236348623952559e-05,-1.528628763478398912e-04,1.060684257607876299e-04,0.000000000000000000e+00
2.986713881786854036e-04,3.675058096729918317e-02,1.702426912618506746e-02,8.184962167996019168e-05,1.162621201148370686e-05,4.090685626664904428e-01,4.378236932136848614e-01,7.930075632579236533e-01,2.197264482362890246e-05,-9.235707380365913710e-02,4.141051185505358057e-02,-8.873874133222955582e-03,1.004135255101708951e-02,-1.094934139631418993e-04,1.564958484748898765e-03,-1.889827178621732813e-03,9.759627248415495525e-04,-2.006228688900274157e-03,-2.080567940508419264e-04,-3.955414351666370482e-03,-2.545549650191789547e-03,-2.886861413766419245e-03,-1.284033337495707125e-03,7.591699577304485450e-05,3.064030310538254863e-04,5.692291801640742867e-04,1.110539088669688359e-03,7.633801784473901375e-04,-1.472090112320594783e-03,1.000000000000000000e+00
3.386980215107578173e-04,5.148178796630658444e-02,2.201537139819926062e-02,9.039975511838776719e-05,5.597162825049898391e-06,4.111361485673846738e-01,5.214449032357773017e-01,7.327828509184401984e-01,2.051120286758804134e-05,-1.269240662330428648e-01,5.211060692796322391e-02,-7.307320994251397320e-03,7.060669322981999105e-03,2.373004152436934775e-03,-1.337566827657789628e-03,-8.542996801568575804e-04,-9.513366352688620376e-04,-1.451041875801867146e-03,-1.526463879037029186e-03,-1.953346982880715954e-03,-1.443716238303738558e-03,-1.301634424508609335e-03,-1.550576744328519083e-03,-1.231085213906060434e-03,-7.764599888138875011e-04,-1.062188932054582320e-03,-7.524122478121353331e-05,8.911472368321398481e-04,6.161453828329386531e-04,1.000000000000000000e+00
5.756291751243193706e-04,8.263426635085444061e-02,3.568900885770780185e-02,1.252724454253444249e-04,1.084932472291051143e-05,4.545177217353134624e-01,5.169117290736134906e-01,6.668383825520914909e-01,2.999736470145773480e-05,-2.518707381033744586e-01,9.844820150217765964e-02,4.247566129827044443e-03,-1.801161804805517710e-03,4.553536553653805916e-04,-6.412739620474024356e-03,-7.209853347400423107e-03,-3.968901208090197356e-03,-3.362309793423172606e-03,-4.862144621328027758e-03,-4.876117368164317734e-03,-4.795149584427920407e-03,-4.244445811768312628e-03,-3.875913175024413727e-03,-3.503470402435960706e-03,-4.062513969558811076e-03,-3.827817780422295216e-03,-2.470938850889197857e-03,-2.536039334254219270e-03,-2.830579611021785420e-03,1.000000000000000000e+00
3.096812758260708781e-04,3.077736838325509025e-02,1.455501996382533095e-02,9.666939408008232008e-05,9.761605384696106819e-06,4.200433313994236251e-01,4.628937582538496520e-01,7.731894693705030353e-01,2.380247857624557154e-05,-8.777147544154824399e-02,4.941968066120799863e-02,-9.148182689686590319e-03,5.745275033857746676e-03,-3.062192697952118882e-03,-1.060435709534173366e-03,-3.404044193553017530e-03,-3.027306857387897666e-03,-2.569173210525192881e-03,-1.315293723634275696e-03,-8.862560039391113864e-04,-1.850135826784644801e-03,-1.245580988612756583e-03,-1.036956884622570411e-03,-1.048804050174790073e-03,-5.757872138767091167e-04,-1.368809938298505861e-04,5.879289286106905528e-04,-3.595866247102620048e-05,-8.723339922000610284e-04,1.000000000000000000e+00
3.020607104139378459e-04,3.902600780055075907e-02,1.812364262483626837e-02,7.011255867206951198e-05,9.587881389657827247e-06,4.192708367034034822e-01,4.398561507349827981e-01,7.849805588633483877e-01,2.443354996849875241e-05,-1.036401530576700203e-01,4.231998541059098229e-02,-6.317658609267570724e-03,9.767588678878369110e-03,-1.114264990015820852e-03,8.874326371858679355e-04,-3.223805953866055746e-03,9.564081274542220439e-05,-1.747959609903740460e-03,2.322658100459470184e-03,-1.109311929475770850e-03,7.739004610049350728e-04,-1.056700899805642800e-03,-6.782890729942149446e-04,-2.530827337944208024e-04,2.682248535456000968e-04,1.456046174956410969e-04,2.860729674807706898e-04,5.630906310526141668e-04,-1.926755049105995034e-04,1.000000000000000000e+00
1.373885726390156124e-04,1.479208020844870186e-02,7.418982922506842798e-03,5.980711119281852806e-05,1.966650496515906071e-05,3.832016736494118225e-01,3.840650555140228684e-01,8.397596742486808097e-01,1.734252838715527229e-05,-7.294648789862369885e-03,1.075856990220455320e-02,3.088839793553781838e-04,2.588153478444541085e-03,5.311637141227533053e-04,3.455683192231474095e-04,-5.219700236104073219e-04,9.362138122742467549e-04,-1.111392668766012160e-04,1.202925636797133341e-03,-6.594398029244728397e-04,-2.955679908198364939e-04,1.766286651940863540e-04,-2.397433564340027809e-04,-2.667834631967267800e-04,-2.182692062390933965e-04,3.613694559657998958e-04,3.338224374616634684e-04,5.529993047282886999e-04,5.382971496273142005e-04,0.000000000000000000e+00
1.441367741362258026e-04,1.960248274899534585e-02,9.224753544718451367e-03,6.824011619090501193e-05,3.665947120577555936e-05,3.896398699073393979e-01,3.929095836475955950e-01,8.325469902098585617e-01,1.488892279092720859e-05,-7.331483846762812395e-03,9.806742008401573077e-03,1.741279309186309892e-03,5.234541323204436845e-03,1.246690306406482819e-03,2.811313515004921701e-03,1.545577538599409231e-03,1.774802083620501385e-03,2.393535640230328788e-04,1.464817997694377403e-03,6.972041517221537086e-04,2.445345384549574611e-04,3.940299256729727401e-04,4.566928933486012277e-04,3.550003176680603233e-04,2.041159821082873477e-04,1.524276239925686984e-04,2.735064980509869202e-04,3.269915261825340680e-04,3.498817525933438388e-04,0.000000000000000000e+00
1.851332028692417549e-04,2.079918710903590554e-02,9.812059752069812388e-03,6.516148786628898828e-05,6.957392361837289746e-06,3.693691355036680668e-01,4.489423663930314778e-01,8.114879184036342119e-01,1.343159152779544921e-05,-5.058968877136388320e-02,1.909618872506504278e-02,1.615133562036285284e-03,5.869133990607277966e-03,2.317235256807898252e-03,6.461534893693371591e-04,7.292238320493138687e-04,-2.953848279996209574e-05,-7.249800415674030173e-04,5.994596382823297624e-04,-1.179193222850642058e-03,-2.841941847145961408e-04,-5.952786078737656210e-04,-1.255108228374646239e-03,-7.067281613144105060e-04,-1.154739505835717826e-03,-1.039396062222193049e-03,-7.436697711478542023e-04,-4.425443475424811323e-04,-5.710388686981099230e-04,0.000000000000000000e+00
1.945518166182435139e-04,2.285085701224575175e-02,1.031124628076690586e-02,8.284970586903919623e-05,1.518643671740550271e-05,3.886710791306915436e-01,4.457399110300328537e-01,8.052645548399770536e-01,1.713244112735279713e-05,-2.632344270165731456e-02,2.097885316894077326e-02,-2.617076404159130940e-03,3.701498113551079678e-03,1.711013692421242032e-03,2.431323285722758378e-03,2.001327343612076411e-04,2.202311744548245739e-03,4.946012313163212441e-04,2.387111084429555281e-04,-1.243071161684080293e-03,1.139664484691903235e-03,5.608436522057074066e-04,1.996070928768113053e-04,-3.451341694664356008e-04,-9.715452441100813337e-05,-2.093150583916091316e-04,-3.161483231935487560e-05,-1.740132384972213099e-04,-4.159801060681101717e-04,0.000000000000000000e+00
4.875184436471871737e-04,5.477130612646303326e-02,2.486344062600654575e-02,1.477957734797228880e-04,1.307280933178935729e-05,4.008685896073490018e-01,5.538903028874219148e-01,6.988331499513074085e-01,1.923622650391553827e-05,-1.823476900660891964e-01,8.408177728424767738e-02,3.138080091555969960e-03,9.801869583272107209e-03,2.879699824221476981e-03,7.634969223485414116e-04,-3.265601091463259630e-03,-5.843106561783112255e-04,-1.363952829708732256e-04,1.582039533693928876e-04,-3.188908153560437216e-03,-3.562491857216148420e-03,-3.571841499234171876e-03,-4.980916324399806659e-03,-2.995790021103875937e-03,-1.183320916171330065e-03,-1.301697192852094634e-03,-1.114058733220330607e-03,-5.634133963527186793e-04,-1.859479893400517230e-03,1.000000000000000000e+00
2.560981619413180621e-04,2.450939440454020374e-02,1.101222096347667656e-02,8.013299729573637492e-05,4.864241621365659091e-05,4.302675164226054116e-01,4.371390274361010020e-01,7.882205590151537544e-01,2.477129819734160969e-05,-2.077051930750066847e-02,3.306298747541774885e-02,-1.089404161164131933e-02,8.496840037283733688e-03,1.449338271524011059e-03,-1.639582975735370644e-03,-5.800776931875009125e-04,1.888135952657182294e-03,-4.793809604020026274e-03,6.404714168465295036e-04,9.695917433846828115e-04,4.954573378159298890e-04,-2.578010391288461638e-03,2.418975147468560387e-04,-9.150914468528298417e-04,-1.579702828370105686e-03,-2.057336631013874720e-03,9.669945728383062952e-04,-1.288073516389368371e-03,-2.185829783580479392e-04,1.000000000000000000e+00
1.791813701521862096e-04,1.929174419851419076e-02,9.317431247913683656e-03,5.058657735819791233e-05,1.493084144732845518e-05,3.679837528867211938e-01,4.586084429226559567e-01,8.075117979514913058e-01,1.350413967805894603e-05,-3.668566015202014835e-02,1.820669417500653253e-02,4.727236656821848758e-03,1.645426696304073608e-03,1.874724096596476833e-03,9.162200042268981619e-04,-1.692531581033968708e-03,1.668416167002527515e-03,-2.237400887286888126e-03,-4.464779486901283823e-04,1.113352327746608894e-03,-1.701144868552052032e-03,-4.582203595083295870e-04,-1.621596054171033216e-03,-1.825839967427524049e-03,-7.246453834860782858e-04,-1.389036657112987898e-03,-9.202398031651405109e-04,-3.288080644202414802e-04,-7.934124240239757205e-04,0.000000000000000000e+00
1.049620644063897290e-04,1.179218845190672590e-02,5.877875606757824826e-03,4.696639900896279653e-05,2.010205049037395484e-05,4.082630665325598374e-01,3.433954036892878925e-01,8.456777379601780886e-01,2.005219489205447412e-05,-5.512390813481807782e-03,3.934913078008145902e-03,1.481673829556244852e-03,1.908251407621235291e-03,1.761389861391988044e-03,6.257040970605228522e-04,6.763001400831218732e-04,2.855142674993977996e-04,-4.579121004356809878e-05,3.382828804673635933e-04,-4.124114987105481243e-04,1.681288968661091030e-04,3.121603701734830050e-05,-1.696624304383639574e-05,-5.350877505160871796e-05,-1.622692936397982552e-04,2.177782693492346896e-04,1.281188333579149382e-04,4.808324441873924274e-04,1.718556765050165299e-04,0.000000000000000000e+00
4.261196007824716542e-04,4.787332131752802117e-02,1.065299001956179076e-02,1.046084321853595609e-04,9.367095687404402950e-06,4.267163551898131013e-01,4.904756252476819567e-01,7.379210545540372257e-01,2.469288569199050277e-05,-1.573166342015288044e-01,7.328703035950413780e-02,-1.163251246161341526e-02,2.570687175667475677e-03,-5.221932476174348769e-05,-4.548537282548189772e-03,-5.076850229838368762e-03,-4.343059044301851059e-03,-4.840279931025060281e-03,-4.476111280273632059e-03,-3.566660837060361706e-03,-4.175117596884395967e-03,-2.152366006047162512e-03,-2.166556520233885088e-03,-1.294739633366695508e-03,-7.322688393725377328e-04,-7.879335821311372326e-04,-9.619558177841507421e-04,-5.425809644242606932e-04,-1.879900145251976349e-04,1.000000000000000000e+00
3.384878576357626466e-04,4.859151862544639627e-02,2.335566217686762397e-02,9.107508079209017220e-05,1.301096516839174118e-05,4.123765440138195126e-01,4.581826557969602143e-01,7.768898123670463507e-01,2.363081250817224672e-05,-1.018637562699239579e-01,5.453416940548551362e-02,-8.206347609389857273e-03,9.465841249133456065e-03,-9.629403306303643611e-04,8.007482381400914118e-04,-3.807543178002263141e-03,7.203294194750520186e-05,-2.309294809733790799e-03,2.060451245207988932e-03,-2.752609073119293218e-03,-6.120960683861109176e-04,-1.389357852441319057e-03,-6.924338553556179344e-04,-5.403746481743525567e-04,2.188824478469079374e-04,4.923013817387685270e-04,-7.483769015317137620e-05,-4.373547402730303081e-04,-2.403442043633749817e-03,1.000000000000000000e+00
2.959765006521109009e-04,2.467092429200748102e-02,1.095113052412810366e-02,6.410367812207421964e-05,3.383956867250621424e-06,4.059498249051505803e-01,4.623623245639687518e-01,7.755425350591187428e-01,2.242092328380116081e-05,-1.330524220919581668e-01,3.698387951581820488e-02,-5.881535831770607486e-03,8.143663345567736522e-03,-1.707416367417982986e-03,6.511588257888360634e-04,-1.946147334285597968e-03,3.139974915209358189e-03,9.961977700025435953e-04,4.261651805320528126e-03,5.895672398925814279e-04,1.555023847185370896e-03,1.306753939894725108e-03,1.498038565265863127e-03,2.124750285059299418e-03,1.835548632614330926e-03,2.119891568657188662e-03,1.135916619849090727e-03,7.701304444701119207e-04,1.462142530340792375e-03,1.000000000000000000e+00
1.237062960631055478e-04,1.880324330095227425e-02,9.154265908669811241e-03,4.086063914502014474e-05,2.346736731860128689e-05,3.622863534919534279e-01,3.959852543466391150e-01,8.433182458907413359e-01,1.308080978651996971e-05,-1.321262381832521288e-02,1.002208424899336814e-02,5.916136042190667417e-03,1.687272119984648813e-03,1.608759013128889222e-03,8.537182621816931860e-04,9.386920271080592638e-04,-3.253920651142466541e-04,-3.091099162540687762e-04,2.313767942192200284e-04,-6.359191448343596556e-04,-3.392507282192746285e-04,-4.538866725768389196e-04,-9.751273825566319923e-04,-5.942854050560448641e-04,-7.888987398172437162e-04,-9.149122504474401689e-04,-5.861049019232726642e-04,-1.679041938749379853e-05,-2.887043762593056464e-04,0.000000000000000000e+00
1.603552535341416709e-04,2.301974831007698105e-02,1.122486774738991853e-02,5.932305648982062122e-05,1.478665219411942173e-05,3.602964498435619056e-01,4.304518401638544045e-01,8.267252186138872583e-01,1.379331673358409461e-05,-2.208203271991605182e-02,1.607542447078139439e-02,2.306519456207183072e-03,2.470502549878200553e-03,3.721534626586948968e-04,-1.731860259528083211e-04,-3.377632478418177999e-04,-2.704371019889029453e-04,-8.515679857070527787e-04,-2.861846719879694839e-04,2.805992313922216013e-04,-9.914310554561289214e-04,-4.865417478301817342e-04,-1.568704765751991305e-03,-1.068858928663295790e-03,-6.362655496995020706e-04,-1.632264960532917985e-03,-4.762134255830045631e-04,-5.729401924609108963e-04,-1.041113779387551952e-04,0.000000000000000000e+00
1.275886362302097775e-04,1.177453723022931983e-02,5.869077266589649983e-03,4.804340469179420943e-05,2.692466188488338349e-05,3.994950894750608494e-01,3.757292055231240546e-01,8.360396850149228731e-01,1.991065045418403555e-05,-3.205845304566300701e-03,9.035081204775799110e-03,3.748806723290364269e-04,9.632839096978229295e-04,1.856825624295694449e-04,3.623500263350322437e-04,2.429032352390347556e-04,-8.709131858372129832e-04,3.768715060252932184e-05,-2.490701186877850221e-04,-8.486415590980515150e-04,-3.147007919650329338e-05,-9.668302633818745898e-05,-5.429707071916360216e-04,-3.115929985355704395e-04,-7.246858143947995136e-04,-2.008783684531159554e-04,8.549177891426193204e-05,2.156607046218514043e-04,1.004476293772450725e-04,0.000000000000000000e+00
1.405631618757031520e-04,1.729585780892441138e-02,8.574352874417892623e-03,4.190972252801886848e-05,2.010377126758475149e-05,3.499241658821541368e-01,4.135194251969661061e-01,8.401081404409836972e-01,1.184888229324835451e-05,-1.468212587352697371e-02,1.220920622957470496e-02,4.042681183253515886e-03,3.742597147381855702e-03,1.253457490061615342e-03,7.971205117512601950e-04,1.090575797045920678e-03,6.542456659650195078e-05,9.324375612553254629e-04,9.234644460954576995e-04,5.360586816993135039e-05,3.030822241070134197e-04,-1.849553453579103159e-06,-5.053608613122405915e-05,1.850067319058879846e-04,1.860625187822632096e-04,2.731444712151094795e-04,1.729164851476953555e-04,-1.658001099026838485e-05,1.183963352229023706e-04,0.000000000000000000e+00
1.127043523978610518e-04,1.213442856627361399e-02,3.831947981527275733e-03,4.380171178410209354e-05,1.652333898346420064e-05,3.933763494697112284e-01,3.613070919744932330e-01,8.452127270956020233e-01,1.729064280667241515e-05,-1.093024794950467164e-02,5.836610581424294883e-03,2.111989432939792837e-03,2.308581592888342242e-03,6.324271156372154824e-04,4.028571263842023204e-04,6.281065546190310600e-04,8.281168497435606153e-05,8.267176211103061242e-04,1.866270698809882850e-04,-3.043900773044101379e-04,-4.990095164060088894e-05,-1.218519576744453973e-04,-3.892699453932431039e-04,-2.796399622123424476e-04,-3.727353662864076327e-04,-2.514948014212997130e-04,-2.977248106912619213e-04,-3.090185631110267087e-04,3.458316973470683040e-05,0.000000000000000000e+00
1.996541968832118107e-04,1.842511875533546506e-02,8.784784662861319995e-03,4.467029179164637789e-05,8.933669487291611073e-06,4.378013418184533712e-01,3.817360366105366776e-01,8.118872184696713790e-01,3.043485726293194710e-05,-5.017578504270027440e-02,1.771434906306123061e-02,-8.338995158957194717e-03,7.570844066771034199e-03,-2.400636729080137238e-03,4.320087795664476378e-03,-1.168804611763590373e-03,5.136250101650468615e-03,-1.037499531942930996e-03,2.855247226958191817e-03,-1.509654231461865980e-03,2.090279834317949805e-03,-9.825299158247430796e-04,1.054811462832556902e-03,6.143898497856331532e-05,6.627985967085041471e-04,2.518303466856459906e-04,9.517641277490204721e-04,-4.145426324232746678e-04,2.254029915369731678e-04,1.000000000000000000e+00
1.225549711203795114e-04,1.218000501744757186e-02,5.637528671537456876e-03,5.014023658101416942e-05,2.199244638714926875e-05,3.998411692955439189e-01,3.734130218893348951e-01,8.368104956456283716e-01,1.665107177645974896e-05,-1.377349410018434764e-02,7.322148605729317944e-03,1.776178974292137638e-03,2.353029856729161977e-03,1.854161259072189269e-03,-3.936135895274684685e-04,7.487423493739776056e-04,-8.174583189263387537e-04,1.793778409653336802e-04,-1.438796382942962929e-04,-1.481444556360937248e-04,-9.077678088294692733e-05,2.305101537471717190e-04,-8.600262821635417537e-05,-2.819832156891559079e-04,-4.279738030778190380e-04,-4.772364211839741680e-04,-4.149780766166822742e-04,-2.971341508310439486e-04,-2.558674116522766193e-04,0.000000000000000000e+00
1.015864798269840397e-04,1.141295115583389023e-02,5.485669910657138548e-03,4.516757728453094518e-05,2.347564780669976372e-05,4.101106592225772784e-01,3.395412205982293874e-01,8.463567129972744407e-01,2.173196552573535147e-05,-3.472073348450580021e-03,4.103953509546902530e-03,1.778454252375419233e-03,1.363365080856839950e-03,1.345313917477400801e-03,7.570087166194677461e-04,1.847576890173246392e-03,2.771996329080417308e-04,4.409343051621298628e-04,5.916907057215143977e-04,-1.144394316442738109e-04,3.158248093142001600e-04,2.450535791424508065e-04,-2.125607451167735231e-04,-1.307187323366229483e-04,1.569483393395293517e-05,2.377558955817396849e-04,4.404176590585012633e-04,2.176959480938577441e-04,2.985619350893652362e-04,0.000000000000000000e+00
3.291504627924020073e-04,3.150072788442909860e-02,1.547007175124289445e-02,9.348453199171968039e-05,2.630940297236100314e-06,3.899222177982301085e-01,5.019691810872098925e-01,7.535744561194718250e-01,1.895626508834737041e-05,-1.566259404349267803e-01,4.658156528033077087e-02,-2.791538159330334608e-03,1.119002181252554649e-02,1.746571940035950541e-04,1.989886335562660730e-03,8.314833577756716929e-06,3.138285235184399072e-03,7.115671246298898222e-04,2.332308672598137293e-03,-2.650057368283411947e-03,-3.334053067010353880e-05,2.613025629792987449e-04,1.274901311346272274e-03,1.749027553987446198e-03,1.537402748777582685e-03,2.260807239502984380e-03,1.774702540784786273e-03,3.447144823049603807e-04,-2.136886972902618878e-03,1.000000000000000000e+00
4.805258841047124383e-04,5.912720839569703818e-02,2.498734597344504788e-02,1.318724032366682048e-04,1.030602261405902651e-05,4.213614289927253842e-01,5.326342657635702027e-01,7.002260929107363419e-01,2.452919074035210016e-05,-1.888506849671196253e-01,9.168047863196485125e-02,-6.404432981596356114e-03,3.974209994414558758e-03,7.426877838442773674e-04,-5.323427261357036207e-03,-5.403883968831425626e-03,-6.728975765918017264e-03,-5.102643002341132085e-03,-4.513540340039256214e-03,-2.217536750119850335e-03,-4.838083474156909883e-03,-2.313230196138550167e-03,-8.405823462234565712e-04,-2.246952692561218420e-03,-1.022797178784311343e-03,4.898667865870839216e-04,6.269349012249594583e-04,-7.607198052121363126e-05,-6.795459071293728521e-04,1.000000000000000000e+00
3.189098740534304687e-04,2.841579764094076532e-02,1.371312458429750983e-02,8.176688703811859260e-05,1.192026141811108207e-05,4.333659590142385776e-01,4.521783025634542597e-01,7.709945069955533858e-01,2.586854463378526241e-05,-9.935298980870342633e-02,4.741656575017223069e-02,-1.067745904173395856e-02,3.293323530604751886e-03,-4.101823652671813397e-03,3.883430300544789575e-04,-4.113712631253577459e-03,2.545202455787732958e-04,-3.101675658341087292e-03,6.536679829015902251e-04,-1.629273428546293813e-03,2.151124046011623249e-03,1.468761700990245302e-03,1.200642008161708968e-03,4.067150214783476223e-04,3.965962435214648025e-04,-2.857393932732024724e-05,4.821159709830047488e-04,1.235703791792972385e-04,-9.579908117855638269e-04,1.000000000000000000e+00
2.958649032508761786e-04,6.370919059259588790e-02,3.136167974459287688e-02,8.181528818542174936e-05,1.209310398948372554e-05,4.020562486086515785e-01,4.485928879525659108e-01,7.893381334450300102e-01,2.164161527912173777e-05,-8.486542166519288333e-02,4.021379335463345223e-02,-7.230084933811880589e-03,1.084304739617024220e-02,-1.844556846587437323e-03,2.057466882327144055e-03,-2.415079824830418474e-03,1.135922364651463252e-03,-1.299002090970214273e-03,1.902387864749008686e-03,-1.220070580423838731e-03,4.567172292299816064e-04,-1.286111987478726982e-03,-8.932094580768342286e-04,-1.572254974833563539e-06,1.672350719672380465e-03,1.016890614530021816e-03,8.375866122924039260e-04,3.246154123282963926e-04,-8.707428427551224209e-05,1.000000000000000000e+00
3.099373273652217199e-04,3.640332777913603268e-02,1.611674102299152922e-02,8.764948072197611549e-05,1.331988025478811153e-05,4.385858684463593837e-01,4.490197165067718044e-01,7.715894764018397245e-01,2.708210367893875505e-05,-8.183487937828286263e-02,4.405673827636009954e-02,-1.591860564888923982e-02,1.560174530875420990e-03,-6.280107202432514378e-03,-5.309260478628580020e-03,-4.980147933929882954e-03,-6.293756012568848049e-03,-4.660067235781031360e-03,-3.016609979682628381e-03,-2.602037937730024460e-03,-3.648323585761478142e-03,-2.131917672899396460e-03,-1.425981284538913908e-03,-6.358582419668344773e-04,-7.361905280371794759e-04,2.989261738402788460e-04,9.364033829328635185e-04,4.270803139025843020e-04,1.721147755278387486e-03,1.000000000000000000e+00
2.808382290603267471e-04,4.535509973715970422e-02,1.825448488892124008e-02,7.980665485162351713e-05,1.166921530701780099e-05,4.308240915674640403e-01,4.113467655077648888e-01,7.970819434664339065e-01,2.638536687086101082e-05,-7.732775775102138094e-02,3.519219975469026207e-02,-1.152663180950636891e-02,6.905963767198809895e-03,-1.339026224583585124e-03,-1.198146410768556732e-03,-4.212421933219440140e-03,-1.418549771363524122e-03,-1.401814652188582361e-03,6.932437318384305309e-04,-3.057322682083631667e-03,-2.252407342466599023e-03,-1.447737842417991857e-03,-1.297030831955167315e-03,2.007810608731355805e-04,1.830420207406157273e-03,1.658785886172469467e-03,7.537173743331045464e-04,-5.706730914589787937e-04,-2.263664440703826164e-03,1.000000000000000000e+00
3.463406481758417158e-04,4.971882351743040634e-02,7.619494259868518291e-03,9.259534776971317725e-05,1.097476797537778169e-05,3.872876394387828047e-01,5.895323649612327355e-01,6.904894026290877562e-01,1.605474225526384342e-05,-1.432381773433572258e-01,4.967398873241546386e-02,1.085564474435836251e-02,4.859623092820711601e-03,5.279534566643893055e-04,-7.934775622582793293e-04,-2.243903067324531583e-03,-2.806374438375745795e-03,-2.052005535196096183e-03,-1.545683331885562605e-03,-9.639910986716774708e-04,-2.803533304195608027e-04,-4.184279523315208500e-04,-8.245836887648205034e-04,-1.319670973720318786e-03,-1.217526454191812657e-03,-9.394550495671441818e-04,-8.262945158570935734e-04,2.157091783055173687e-04,9.238901755785692812e-04,1.000000000000000000e+00
